-36.17121353326372,-35.97027075654981,-35.771911831173675,-35.575736450287856,-35.38179839349401,-35.190569179683614,-35.002917634615855,-34.82006159580417,-34.64345059652342,-34.474549784391044,-34.31455260065752,-34.16412082526834,-34.02326004763226,-33.89137876985558,-33.76748538476996,-33.65042436925717,-33.539071228888425,-33.43245006658762,-33.32977735670585,-33.23045439079778,-33.13403510871789,-33.040186908648984,-32.948653585828566,-32.859224706333684,-32.771713895968645,-32.68594272034205,-32.60173083385417,-32.518889996592236,-32.437221411761605,-32.35651504632784,-32.27655157009114,-32.19710612163731,-32.11795445320417,-32.03888179095118,-31.959693808161642,-31.880229648653604,-31.80037332086782,-31.72005912168483,-31.639267731865793,-31.558015145424026,-31.47633886709205,-31.394285995411735,-31.31190592590864,-31.229245745668873,-31.146346308599167,-31.06324573079721,-30.97997481547497,-30.89656099661259,-30.81302484100873,-30.72938255938211,-30.645653561133496
-36.171662360837196,-35.97072325697732,-35.77235784937418,-35.57617003285059,-35.38221723574877,-35.190973340072574,-35.00330828526921,-34.82044116219662,-34.64382256000363,-34.474917351386615,-34.31491790412486,-34.164483498312684,-34.02361647768146,-33.89172131554839,-33.767801128248145,-33.65069549806758,-33.5392766440014,-33.43256721249546,-33.32978308351696,-33.23032775846647,-33.13375747405016,-33.039742494530294,-32.948028854019256,-32.8584088213397,-32.77069736052316,-32.684716087303464,-32.60028446089911,-32.51721422274085,-32.43530588308491,-32.35434856593745,-32.27412225244632,-32.194401795732176,-32.1149629669487,-32.03559144116909,-31.956093959810964,-31.87631124623644,-31.79612911321376,-31.715483746256453,-31.634357942413178,-31.552769266122244,-31.470756402902936,-31.388367298081448,-31.30565190470795,-31.22265730525087,-31.13942575036842,-31.05599405107114,-30.972393664476463,-30.888651906932775,-30.804789293623337,-30.720821971986616,-30.636769243110763
-36.17073150980509,-35.969785089824626,-35.771432934961496,-35.57527062513558,-35.3813480919374,-35.19013479364481,-35.002497271726625,-34.81965257127607,-34.643049687803135,-34.474153954665134,-34.31415967528421,-34.16373075921521,-34.022876626776004,-33.89101054305189,-33.767146149772515,-33.65013287165883,-33.538850069359206,-33.43232401583963,-33.32977069114467,-33.23058992799268,-33.13433312770641,-33.04066450849118,-32.949324990944,-32.86010224598338,-32.77280828963603,-32.68726407509897,-32.60328949133037,-32.52069688228678,-32.43928818396376,-32.358854298837855,-32.27917654696636,-32.20003054853399,-32.1211918940253,-32.04244531905693,-31.96359552018238,-31.884480292384897,-31.80498176157222,-31.725031991608397,-31.644609537299267,-31.563728722867037,-31.482425602323218,-31.400746186154368,-31.318739146049083,-31.23645072324863,-31.153922645887636,-31.071191678362972,-30.988289105277573,-30.90524214807607,-30.822071467106294,-30.738793258903264,-30.655427030284308
-36.171360994593435,-35.9704514814718,-35.77211664316892,-35.57595778029577,-35.38203049837431,-35.1908089118386,-35.00316338360756,-34.820313541760285,-34.643711612364605,-34.47482443764887,-34.31484676450312,-34.164441605172925,-34.023614715621065,-33.891773428709875,-33.76792403064539,-33.650907149027965,-33.53959435252729,-33.43300595066916,-33.33035470663872,-33.23104032772519,-33.134615187881714,-33.040746919040274,-32.94917947620514,-32.85970292140206,-32.77213134405866,-32.68628755535557,-32.601991670414414,-32.51905521384704,-32.43727907077023,-32.35645303656853,-32.27635713551907,-32.19676609802473,-32.117455240949326,-32.038209597080275,-31.95883508173233,-31.879171305846665,-31.799103280265065,-31.718566816243143,-31.637544327480438,-31.55605309456844,-31.47413192297643,-31.391829208980536,-31.309195355232916,-31.226278306342188,-31.143119540820546,-31.059757742500345,-30.97622414176338,-30.8925465014005,-30.808745658613006,-30.724837977614854,-30.640843089056407
-36.171106862605185,-35.970140439959344,-35.77176452254906,-35.575577316854414,-35.381631103607084,-35.190396701534596,-35.00274084701989,-34.81987961113846,-34.643261890631074,-34.474351363145644,-34.31434018666793,-34.16388937268928,-34.02300445561127,-33.891094738530825,-33.76717006509532,-33.6500772861768,-33.538694961311315,-33.43205019912421,-33.329361648432474,-33.230032288495586,-33.13361691124864,-33.03978300192105,-32.94827412357782,-32.85887951779669,-32.77141217696132,-32.685693060151,-32.60154156907017,-32.518769662173405,-32.43717858992839,-32.35655854041276,-32.27669060051857,-32.197350311137946,-32.11831363335913,-32.039365961954694,-31.960313102847426,-31.880993622136913,-31.80129112946977,-31.721138674202848,-31.640515976292683,-31.559437982290017,-31.477941148038223,-31.396071632995,-31.313878074084936,-31.231406529997255,-31.148698470901174,-31.065790473025796,-30.982713387242622,-30.899494373690054,-30.81615377854236,-30.73270763898893,-30.64917526997727
-36.171480145801276,-35.970543163057165,-35.77217706319628,-35.57598737792963,-35.38203278456563,-35.19078851091358,-35.00312597196659,-34.82026509734868,-34.643657732475916,-34.47477032383852,-34.31479650148944,-34.1643978201679,-34.02357929422327,-33.89174845518584,-33.767912832604196,-33.65091758459253,-33.53964161756099,-33.43311525090237,-33.330563680481305,-33.231399959611416,-33.13519076643958,-33.04161709032948,-32.950436353713094,-32.86145219758673,-32.774492463869194,-32.689392394135375,-32.60598586099356,-32.52409940671465,-32.443548353948906,-32.36413752574804,-32.28566160246681,-32.2079081196872,-32.13066288916957,-32.0537178113973,-31.976880222439735,-31.899984910033197,-31.822905324413103,-31.74555935454536,-31.66790730858257,-31.589942905897143,-31.51168187450407,-31.433151279704635,-31.354382739195273,-31.275407729048112,-31.196255595960988,-31.116951718588748,-31.03751916870564,-30.957977627175563,-30.878341881523102,-30.798623637638684,-30.718837590281115
-36.17095202652137,-35.97000348164498,-35.77165155558647,-35.57549011694798,-35.381567955243426,-35.19035361806277,-35.002712801975434,-34.819860910423124,-34.64324626243646,-34.474332889743316,-34.31431345941479,-34.16384945750641,-34.02294758357925,-33.89101777438446,-33.76706890855219,-33.64994458851533,-33.53851738140407,-33.431805628637676,-33.329016780252076,-33.22954196142364,-33.13292277273418,-33.038813399722315,-32.946944280480885,-32.85709245802822,-32.76905864748258,-32.682651919790494,-32.59767960737425,-32.51394101912139,-32.43122553037075,-32.349311798384946,-32.2679700585017,-32.186966777643626,-32.10607207866107,-32.025068834462786,-31.943765170738978,-31.862008226101203,-31.779695127511957,-31.69677708856476,-31.61325455763148,-31.529163643486385,-31.444560471962554,-31.359508596926748,-31.274071296427064,-31.188306698439114,-31.102266661145872,-31.015995118785817,-30.929530461656228,-30.842902820886998,-30.756136543724796,-30.669255912106316,-30.582277324701288
-36.17022893853056,-35.969334658553684,-35.771024333157634,-35.574898888967226,-35.38101237159348,-35.18983784588202,-35.002245309568,-34.819454647312234,-34.64291801696557,-34.47410155862207,-34.314198561696,-34.16386828613335,-34.02311196560392,-33.891333849400816,-33.76753734671303,-33.650562630331244,-33.539281436419984,-33.432714444375314,-33.33007340120888,-33.230755107071765,-33.13430737296191,-33.040390949901564,-32.94874245334437,-32.85914372617357,-32.77140063021062,-32.68532623181498,-32.60073158463772,-32.51741937245894,-32.43518170128137,-32.35379957136336,-32.273045075861184,-32.19268549792789,-32.11249041576394,-32.03224125787584,-31.951743168497963,-31.870838508735396,-31.789418277345256,-31.70742718817531,-31.624859250246384,-31.541744437935595,-31.458133002656613,-31.374084572520996,-31.28965890725949,-31.20491160018169,-31.11989259112788,-31.034644406569864,-30.94920369239773,-30.86360199482033,-30.777862994481318,-30.692005275196117,-30.60605089745485
-36.172432520860205,-35.97143031765048,-35.77301089681174,-35.57677354598379,-35.382771525322816,-35.191474987418836,-35.00375059228986,-34.820812965445825,-34.64410999489929,-34.47510488656928,-34.31499158854961,-34.16443497017161,-34.02344536110581,-33.89143751539692,-33.7674254684237,-33.650258567393436,-33.53881699684642,-33.432129668653204,-33.32941811914495,-33.23008993250517,-33.13370639014246,-33.03994340949372,-32.94855380360095,-32.85933680313695,-32.772115959523994,-32.686723738699676,-32.602991091304446,-32.52074162524336,-32.43978884023396,-32.35993513339134,-32.28097333570617,-32.20268986608762,-32.12486999586137,-32.04730598911083,-31.969806705702666,-31.892209436330393,-31.814391107486163,-31.736273821575633,-31.657822971377243,-31.579037045197325,-31.499936193407528,-31.42055115345195,-31.340916571687785,-31.261066356292098,-31.181031622831487,-31.100839943357588,-31.020515055527206,-30.940077869716763,-30.859543963532083,-30.77892561269257,-30.698238181487607
-36.17225100543657,-35.971300223620645,-35.77292570979012,-35.57672918836787,-35.38276614741643,-35.191509153763654,-35.003826985705125,-34.820938441186314,-34.64429353457059,-34.4753568839859,-34.31532135828953,-34.16484702413308,-34.023936878403816,-33.89199602744334,-33.768028638301196,-33.65087508061148,-33.53940796722698,-33.43265022971028,-33.32981738860322,-33.230311529772834,-33.13368665727248,-33.03961003143779,-32.947824753180335,-32.8581192639367,-32.770304630633454,-32.68419978747038,-32.59962144946797,-32.51637825824022,-32.43426800986471,-32.353078308295444,-32.272587588980464,-32.19256943376122,-32.11279888754956,-32.0330619257684,-31.953166267796643,-31.872954364208145,-31.792314862712875,-31.71118731437842,-31.629558009052715,-31.547447939889228,-31.464898973636576,-31.381961935155505,-31.298689646752525,-31.2151292098632,-31.131326295195763,-31.047318322792595,-30.963137498844702,-30.878812043451624,-30.79436297833482,-30.709806816720423,-30.625163416472983
-36.16991956729234,-35.96898715172436,-35.77064755646593,-35.574498438683754,-35.380591899442535,-35.189397575154096,-35.00178340868513,-34.8189671553787,-34.64239817417148,-34.473541433589894,-34.31359169918302,-34.16321232760961,-34.02241232282869,-33.89060486739451,-33.76680322747504,-33.64985695695371,-33.538645080440816,-33.432193645002705,-33.32971963981127,-33.2306238825207,-33.134459845783695,-33.04089521415289,-32.94967466024168,-32.86058957121109,-32.77345607446576,-32.68809945866749,-32.60434358857839,-32.522004595703024,-32.440887523788255,-32.3607864148229,-32.28148495015724,-32.2027605673646,-32.12439023790898,-32.04615881408548,-31.96787004874747,-31.889359288877078,-31.810505134542808,-31.73123555650389,-31.651524340449107,-31.571380900476576,-31.490836805691806,-31.409934123722635,-31.328718159287842,-31.247232456906406,-31.165516550575596,-31.083604985064756,-31.00152861504252,-30.919312599603213,-30.836977025416534,-30.75453750314467,-30.672012762133082
-36.1725414362524,-35.971569362577334,-35.7731807993879,-35.57697509042957,-35.38300550400791,-35.191743218274105,-35.004055810072266,-34.821159784444326,-34.644503544025135,-34.47555063378536,-34.31549324217598,-34.16499178286947,-34.02405149949641,-33.89208176896486,-33.76809250021396,-33.65093042786178,-33.5394734842489,-33.43274831924384,-33.329972622359136,-33.23054881581366,-33.134031786660245,-33.04008893172647,-32.94846369756769,-32.85894538474517,-32.77134705408595,-32.68548995277665,-32.60119348067996,-32.518269056267556,-32.43651790749742,-32.35573044118865,-32.275687789090256,-32.196165572617794,-32.1169404092022,-32.037798370778106,-31.9585459884713,-31.87902296994514,-31.79911391736448,-31.71875359825662,-31.63792303963568,-31.55663798264652,-31.474935488308457,-31.392862131363877,-31.310466641046343,-31.22779550291225,-31.14488898641124,-31.061784662662575,-30.97851282138629,-30.895100480220197,-30.811567856070305,-30.7279308154623,-30.644208554486138
-36.16856595244862,-35.967681379305354,-35.76938114026623,-35.57326580558032,-35.379390097466676,-35.18822718374501,-35.000647057143034,-34.817869648942334,-34.64134794057124,-34.472550264293304,-34.31267295959684,-34.162380014092506,-34.021677234497346,-33.889972125258176,-33.76626979688389,-33.649409923933625,-33.538263348478004,-33.43184999581989,-33.32938250023407,-33.23026029337344,-33.13403621241859,-33.04037725233695,-32.949027984119276,-32.859778538202406,-32.77244326139123,-32.6868449985429,-32.602803764635134,-32.52013173846028,-32.4386300200665,-32.35808807479978,-32.27828585073685,-32.1989971583749,-32.1199961426139,-32.04106618646251,-31.96201127829956,-31.882668983589923,-31.802921860945702,-31.722703391833218,-31.64199437860999,-31.56081109753847,-31.47919184844758,-31.39718484691593,-31.314840699975463,-31.232207411996427,-31.1493281113613,-31.066240902481244,-30.982977889495448,-30.899567363870897,-30.816030528975258,-30.732384226674966,-30.64864841658969
-36.17126605150371,-35.9703288943409,-35.77197607490375,-35.57580653927592,-35.3818742002496,-35.19065082322412,-35.003004554383345,-34.820154121566446,-34.64354958099628,-34.47465592947695,-34.314666355013486,-34.16424289812158,-34.0233911108751,-33.89152017766776,-33.76763941681181,-33.65059390375053,-33.53925980400782,-33.43266142847398,-33.33001441092621,-33.23072014611802,-33.134331378924514,-33.04051468316358,-32.94901352472242,-32.8596171044966,-32.772138900325174,-32.68640062959152,-32.602222025713644,-32.51941483803709,-32.43778038733465,-32.357108837274325,-32.277180888395954,-32.19777143881371,-32.11865580066353,-32.03961895789387,-31.96046630072569,-31.881036447158177,-31.801212869306678,-31.720929724541893,-31.640167716317272,-31.558942988902288,-31.47729281791446,-31.39526448036274,-31.312907442180556,-31.230268557340544,-31.147389906630412,-31.064308643610925,-30.981056054005798,-30.897659667911565,-30.814140149626773,-30.730513720268284,-30.646799958451453
-36.17114129939007,-35.970190700689486,-35.77182333051668,-35.575639748900834,-35.381693597242595,-35.19045713377996,-35.00279800428901,-34.81993338373251,-34.64331324109222,-34.47440281257773,-34.31439524473392,-34.16395213392983,-34.02307886165576,-33.89118344874917,-33.76727297055701,-33.65019057567798,-33.53881110782172,-33.432158735509226,-33.32944989850258,-33.23008729408662,-33.133626126983806,-33.039734265019305,-32.94815660257588,-32.85868254899977,-32.771126363400086,-32.685309725240074,-32.60105185500992,-32.518164300324486,-32.43644837543014,-32.355693896034545,-32.275681610267284,-32.19618692949793,-32.11698579269851,-32.0378638559769,-31.958627454535797,-31.879116361057708,-31.799215084519894,-31.718858254672476,-31.63802689983741,-31.556737161287707,-31.475026574326467,-31.392942042253697,-31.31053269204352,-31.227845413265015,-31.144920859210266,-31.061796918690572,-30.978504190038333,-30.895069947071043,-30.811514615529184,-30.72785430519438,-30.644108250255584
-36.17082311712265,-35.969911209384534,-35.77158080129772,-35.57543362198968,-35.381525106314875,-35.190328667622275,-35.00271538615407,-34.81990473652909,-34.64334851468745,-34.474512227168816,-34.31458841666669,-34.1642359480372,-34.02345635627105,-33.89165419022245,-33.767834344197624,-33.65083907254078,-33.539543379388114,-33.43297205968967,-33.33034146755441,-33.23105322104383,-33.13466101944668,-33.04083164932615,-32.9493066732195,-32.85987338229978,-32.77234307746657,-32.68653501562435,-32.60226559939555,-32.51934299110982,-32.437565185951534,-32.35671835176731,-32.27657932059903,-32.19691970051568,-32.117512069474735,-32.038139096704725,-31.958604923263945,-31.878748334869474,-31.79845460130958,-31.71766053632128,-31.63635074126929,-31.55454564070072,-31.472287135913174,-31.389626559898545,-31.306617156349443,-31.223309117513914,-31.139747349251,-31.055971432504666,-30.97201455645028,-30.887905975125406,-30.80366759063066,-30.719316660105786,-30.634873735747508
-36.17148027770009,-35.97051622705305,-35.77213767679792,-35.575943134751974,-35.381984564710635,-35.190733022616335,-35.003055412872776,-34.820167930547306,-34.64351943287956,-34.474574557087024,-34.31452733638129,-34.16404130266619,-34.023124690187565,-33.891189279861926,-33.767245945910474,-33.6501400705664,-33.53874751701425,-33.432092620474464,-33.32939107477523,-33.23004416219626,-33.133606625146996,-33.039746351121416,-32.94820790751323,-32.85878265718383,-32.77128588319406,-32.68554103548879,-32.60136985393378,-32.518587245301426,-32.43699472536838,-32.35638691594481,-32.27654638104838,-32.19725080878095,-32.11827837354843,-32.03941588812821,-31.96047014718401,-31.88128053834941,-31.801730269096527,-31.721751736767544,-31.641323233976586,-31.56045776955595,-31.479189749621533,-31.397564088968842,-31.315625127183893,-31.233419428674008,-31.150986147381126,-31.0683600448702,-30.985571973931865,-30.90264703672575,-30.81960516612395,-30.736461792523432,-30.65323557463135
-36.1687694368718,-35.96789572379702,-35.769610020993305,-35.57350959000558,-35.379646478775776,-35.18849178397996,-35.00091431921892,-34.81813353800768,-34.64160278982926,-34.47279212500825,-34.31290060277717,-34.162595573191126,-34.02188710028456,-33.890185274569355,-33.76649662942216,-33.64966087780079,-33.538546771301746,-33.43217026172552,-33.3297387614216,-33.230645571011365,-33.13443711222444,-33.040774609804146,-32.94939601263435,-32.860085556009835,-32.7726522128449,-32.68691267396453,-32.602681256376165,-32.51976383828952,-32.437955401476195,-32.35703903048126,-32.2767877165764,-32.19696901361053,-32.11735180304603,-32.03771548263983,-31.957861813340234,-31.87762879605978,-31.79690258679465,-31.715622682889023,-31.633777895576888,-31.55139346535797,-31.468516541184137,-31.385203811084114,-31.30151347330987,-31.217500061543667,-31.13321234769173,-31.04869302304546,-30.963978198404977,-30.879099420709014,-30.794080380360114,-30.708939699451797,-30.623699496192295
-36.17398653412669,-35.972964598607035,-35.77452146932343,-35.57826040807247,-35.384236660406096,-35.19292280639773,-35.005186584226074,-34.82224416266517,-34.64554143386622,-34.47653805657022,-34.31642060377179,-34.16584418843915,-34.02480987745102,-33.8927246707259,-33.76859883678081,-33.65128207242037,-33.53965782327071,-33.432760285384425,-33.329815053780486,-33.23023282084668,-33.133575965184626,-33.03951930707942,-32.94781222186284,-32.85825032834324,-32.77065276443764,-32.68484599964098,-32.60065548814771,-32.517899634780775,-32.43638667214807,-32.35591442647309,-32.276271986836164,-32.197242930456916,-32.1186112091716,-32.04016883744371,-31.96172631618787,-31.88312448251183,-31.804245830169837,-31.725018989141613,-31.64541677516795,-31.565444744023196,-31.4851296536892,-31.404507787357147,-31.323618490281508,-31.242499464090375,-31.16118489066682,-31.0797047223126,-30.998084678018113,-30.9163472347074,-30.834509147733904,-30.752583566773765,-30.670586872242456
-36.16921663500464,-35.968396619289166,-35.77016205539884,-35.57410110803065,-35.380262192998345,-35.18911557710454,-35.001530673911695,-34.81872829048329,-34.64216350912585,-34.47330893511961,-34.31336935506956,-34.1630215296849,-34.0222873658273,-33.890591039669125,-33.76695004927952,-33.650208989877264,-33.539233302846895,-33.43302857823426,-33.330787568330855,-33.231888355416544,-33.13586546978785,-33.04237221802913,-32.951143483965495,-32.86196614618403,-32.77465425555689,-32.68903260851157,-32.60492536957261,-32.52214910295306,-32.44050912065089,-32.359798941493786,-32.27980190122373,-32.20029490211725,-32.1210545579678,-32.04186668479449,-31.96253751754942,-31.882906408527703,-31.802857896621354,-31.722327458233963,-31.641297014191846,-31.55978436323619,-31.47782863380136,-31.39547858864014,-31.3127850678294,-31.229796605884044,-31.14655534980586,-31.063100255392232,-30.979462808125813,-30.895672039263104,-30.81174807615609,-30.72770731251869,-30.643570173883717
-36.1727422158094,-35.971705244432314,-35.773250761943984,-35.57698768635517,-35.382973324443576,-35.19168106408887,-35.0039783735524,-34.82108022747857,-34.644433608702066,-34.475497380948475,-34.315456200010296,-34.16496024410359,-34.024002215816644,-33.89197941266881,-33.76789295314743,-33.65058730868339,-33.538945937433745,-33.43200773037049,-33.32900663725241,-33.229361530832776,-33.132641684492036,-33.038525357765906,-32.94676183513396,-32.8571429413676,-32.76948197484913,-32.68359779292157,-32.5993067247026,-32.516416867659935,-32.43472641427439,-32.35402256782317,-32.27408389035004,-32.19468411609998,-32.11559801206811,-32.036610321465695,-31.957526539320696,-31.87818537005249,-31.798469992276118,-31.718313738788385,-31.637696400586496,-31.556632814782397,-31.47515887024288,-31.393320360716725,-31.31116536262623,-31.228739401314055,-31.14608351428493,-31.06323329719221,-30.980219927555346,-30.89706953977891,-30.813802361840775,-30.73043434098822,-30.64698430219837
-36.170767274040045,-35.969824102243095,-35.77146954880042,-35.575302125874096,-35.38137307459185,-35.190151762529126,-35.002505420278865,-34.819651238592556,-34.64303935882134,-34.474136592223694,-34.314139414610196,-34.16371250558892,-34.02286328836047,-33.8910004820233,-33.76713105942482,-33.650097460069865,-33.538772968234184,-33.43217983180414,-33.32953223309248,-33.23022925051713,-33.133822373840296,-33.03997520987948,-32.9484271729478,-32.85896347275166,-32.77139264169878,-32.685530556629374,-32.601190375273234,-32.51817717334766,-32.436285257793934,-32.355297528305336,-32.27498725701264,-32.195122470343776,-32.11547255984572,-32.03581765946448,-31.955960412494655,-31.875739393245418,-31.79504092970254,-31.713804079573613,-31.632016965777712,-31.549703911965455,-31.466911057732325,-31.383693595965056,-31.30010895412498,-31.2162087479831,-31.132042337282748,-31.047650969443247,-30.963069765048267,-30.878329576873355,-30.793453545790907,-30.708459907041135,-30.62337020508028
-36.17171630543597,-35.97077292807719,-35.77240801033968,-35.57622314288029,-35.38227464424084,-35.191036148700874,-35.00337794485088,-34.82051817692819,-34.64390601081734,-34.47500514119089,-34.31500581148749,-34.16456640073629,-34.023690474403416,-33.891786698237865,-33.76786451084881,-33.650770688392946,-33.539383193506815,-33.43272815872799,-33.33002421505842,-33.23067544369198,-33.13423862025877,-33.04038439089918,-32.94886099816094,-32.85946289012848,-32.77200907715268,-32.68632717958226,-32.60224327212929,-32.51957615077801,-32.4381342572912,-32.357715374449604,-32.27810776866017,-32.19909413428494,-32.12045722395353,-32.041987793165084,-31.96349538918901,-31.884820397319146,-31.805844911283593,-31.726498618674558,-31.64675570892285,-31.56662264099094,-31.48612886570124,-31.40531231085525,-31.324214287123155,-31.242874365280095,-31.161328337955222,-31.079607761427052,-30.997739475097767,-30.915747089441776,-30.83364819367598,-30.751456621380825,-30.669189483318014
-36.16954855009402,-35.96864409554006,-35.77032465346185,-35.57419121358421,-35.3802977113569,-35.18911579375541,-35.00151347207907,-34.81870899897154,-34.642153315782124,-34.473313510341434,-34.31338637909905,-34.16303651624306,-34.02227141056393,-33.89049915893688,-33.76672468798513,-33.64978704154687,-33.53855573034008,-33.43204928629545,-33.32947888936505,-33.23024175767777,-33.133886407322585,-33.04007369358535,-32.948538373218476,-32.85905785456192,-32.77143080126242,-32.68546009407641,-32.600944036592715,-32.51767006038764,-32.43541238159687,-32.35393174394996,-32.27297851674652,-32.19229757302916,-32.11163566802605,-32.03075584573925,-31.949445183060224,-31.86753594437578,-31.78491617376033,-31.70153541891143,-31.61739872722933,-31.532551685030203,-31.447063369925136,-31.361011828441463,-31.27447495044106,-31.187524821507996,-31.100225445531294,-31.01263211034351,-30.92479265395333,-30.836744875504596,-30.748519539234245,-30.66014678597927,-30.571647212618384
-36.172984280106654,-35.971999729794355,-35.773597870888054,-35.57737715534922,-35.38339090991134,-35.19211104126325,-35.00440595067432,-34.821492807468374,-34.64482034047875,-34.47585153567137,-34.315777103632016,-34.165255472842134,-34.024290452989845,-33.89229137886142,-33.768269918464334,-33.65107573508642,-33.53959004158272,-33.4328427553085,-33.33005441712129,-33.230630332839034,-33.134128821327025,-33.04022299437242,-32.948664555936276,-32.859253042702974,-32.77181534473826,-32.68618938028402,-32.602213449514345,-32.519720705469425,-32.438536314981995,-32.3584760849877,-32.279348109099416,-32.20095509041687,-32.1230993916266,-32.04558970652889,-31.96824980400588,-31.890928778299603,-31.81351087221674,-31.735920680702662,-31.658120714787906,-31.580102777512728,-31.501876802936092,-31.42346292691453,-31.34488428423625,-31.266163804832537,-31.187322513423254,-31.10837880719094,-31.029348800275507,-30.95024606322006,-30.871080877223633,-30.791860762424985,-30.7125965713836
-36.17268318334195,-35.97173382592392,-35.7733552991102,-35.57715109831085,-35.38317819131438,-35.191910190160655,-35.00421589155725,-34.82131352398958,-34.644651976728376,-34.475693584255325,-34.3156291431041,-34.16511820846361,-34.02416597718896,-33.89218331314587,-33.76818288881628,-33.651015689215015,-33.539564475403644,-33.43285909010389,-33.33011742030837,-33.23073566544889,-33.13425314515983,-33.0403111154075,-32.94861471883893,-32.858901106077624,-32.77091553253361,-32.68439550628416,-32.599060190179934,-32.51460452475484,-32.430697781786215,-32.34698538195887,-32.26309553385273,-32.17865081101929,-32.09328498198001,-32.006664942533114,-31.91851634414794,-31.828649705351374,-31.736979186659934,-31.643524177547697,-31.54839177458806,-31.451746589653464,-31.353779239869294,-31.25468204732101,-31.154634407502847,-31.05379525826346,-30.952300613376046,-30.85026413095577,-30.747781214301373,-30.644921930857365,-30.541752889841135,-30.438320936725013,-30.33466454507974
-36.16946386609048,-35.96853316756553,-35.77020239977924,-35.57406682790037,-35.380176768299506,-35.189002098759964,-35.001410176179384,-34.81861909073557,-34.64208049844035,-34.47326249725152,-34.31336272567325,-34.163046262410354,-34.022320290310866,-33.89059179959696,-33.76686431113087,-33.64997404567073,-33.53878674238107,-33.43231697497799,-33.3297738937137,-33.23055686055861,-33.13422527477349,-33.04046058760877,-32.94902993503809,-32.859757139825106,-32.772500079983146,-32.687134962809004,-32.603547001378224,-32.52162348818465,-32.441250820552355,-32.36231314713396,-32.2846919975819,-32.208267215929105,-32.132918881865805,-32.05852910626069,-31.98498500428628,-31.91218216071666,-31.84002777454434,-31.768443229828996,-31.697363100598174,-31.62673214417795,-31.556501620628175,-31.486626817982952,-31.41706616715956,-31.347780841731986,-31.278735082194874,-31.209896230337062,-31.14123496704593,-31.072725771195376,-31.004345148386534,-30.936072632921846,-30.867892104283268
-36.17200632592527,-35.97103540669864,-35.77264822469981,-35.576443776242066,-35.38247445707413,-35.19121049449717,-35.003518587844646,-34.82061517973321,-34.643949147349915,-34.47498474979569,-34.314916031829206,-34.16440579427169,-34.023461533258406,-33.89149382192915,-33.767511965719166,-33.650360303437544,-33.538914358579056,-33.432198254043065,-33.32942801956155,-33.230005005940754,-33.13348313562126,-33.03952983642052,-32.947888256955714,-32.85834768951819,-32.770720908731874,-32.684828301399115,-32.600488740850615,-32.51751290347,-32.4357007292072,-32.35484106105042,-32.27471356537806,-32.195092556136416,-32.115753195649035,-32.03648037321849,-31.957079914051736,-31.87739124376491,-31.797299061161663,-31.716738842990253,-31.635692962663597,-31.554178832287494,-31.472235242178932,-31.38991040878907,-31.307254621610287,-31.224315366042237,-31.141135207574656,-31.05775163544792,-30.974196167126113,-30.890496554900054,-30.80667354714131,-30.722743420728666,-30.638725944652368
-36.171584107643135,-35.97062174507698,-35.772247175187374,-35.57605916519858,-35.38211031875356,-35.19087218962164,-35.00321169466029,-34.82034520535734,-34.64372042978378,-34.4748001777483,-34.314775187390374,-34.164305988879015,-34.02339837866187,-33.891462914097005,-33.767510567538146,-33.65038860547973,-33.53897470752761,-33.43229402058484,-33.32956222712954,-33.230179291958144,-33.133697819916314,-33.03978323746791,-32.94817762561928,-32.8586698739998,-32.77107289214106,-32.68520786055539,-32.600894315407054,-32.51794391465957,-32.436158302259265,-32.35532818540985,-32.275235008899024,-32.19565506798565,-32.116365346334455,-32.037152678171864,-31.957824684354517,-31.87822231148762,-31.79823097630555,-31.717786210960536,-31.636869908536994,-31.555498536818227,-31.473709699645138,-31.391550344935602,-31.309069469553187,-31.226313808233648,-31.14332351551011,-31.060135876140222,-30.97678245211117,-30.893289137046967,-30.809676492464135,-30.725960392666686,-30.64216005107799
-36.170134129029094,-35.969252620619,-35.77094476330642,-35.574812357816285,-35.38091033680693,-35.18971214233047,-35.002087751675326,-34.81925638322346,-34.64266828800304,-34.47378890871667,-34.31381092685032,-34.16339339826853,-34.02253796314553,-33.890649349105495,-33.76673255406524,-33.64963022886169,-33.538219079452126,-33.43152714103877,-33.32877701819348,-33.22937761623062,-33.132890893119345,-33.0389922855861,-32.94743200300809,-32.85800602193216,-32.7705319031624,-32.68483396431555,-32.600732751830385,-32.5180394870429,-32.436553352793055,-32.35606079784834,-32.27633713967953,-32.197150927661646,-32.11827002067327,-32.03947095129736,-31.960550439687154,-31.881338933041853,-31.801713487254627,-31.721602941129763,-31.640984907649536,-31.559874221914566,-31.478308938372287,-31.396338015629436,-31.314013287040023,-31.2313842176238,-31.148495562625182,-31.065386982301558,-30.98209197780081,-30.898640127335124,-30.815053674346004,-30.731350214468307,-30.647550687140356
-36.172505687913635,-35.97149010444464,-35.77306967883885,-35.57684232371199,-35.382860265959415,-35.19159322380404,-35.00390805112297,-34.82102124289197,-34.64438183902481,-34.47545462795074,-34.315434560112514,-34.16498631576173,-34.024120340439225,-33.89225043009226,-33.768389225419085,-33.65138336499953,-33.54010739444017,-33.433581930952045,-33.33101634004487,-33.231804370138526,-33.135490984794124,-33.041735395243656,-32.95027394610038,-32.860890514163636,-32.77339477300321,-32.687605872631096,-32.603343323396835,-32.52042044628528,-32.438641777742205,-32.357802369177385,-32.27768947996725,-32.198086147485576,-32.11877731586584,-32.039557855663496,-31.96024304543349,-31.880680737766685,-31.800761940405838,-31.720425659835684,-31.6396545880567,-31.558464310960865,-31.47689016232063,-31.39497605773337,-31.31276755826006,-31.23030750819108,-31.14763427033479,-31.064781136403525,-30.981776533439234,-30.898645197187097,-30.815405501754256,-30.7320719083898,-30.648662095185276
-36.167517332869984,-35.96668318268979,-35.76843976618756,-35.57238321800031,-35.37856495467545,-35.1874541538152,-34.99991815522443,-34.817174409999666,-34.64067297133593,-34.471878974052295,-34.31198535683368,-34.161651223518746,-34.02087821712286,-33.889070146276744,-33.765230506334966,-33.64820038162492,-33.536854893757344,-33.43022066344564,-33.32751833357317,-33.228155601241966,-33.13169375229319,-33.03780716173194,-32.94624618920569,-32.85680787181439,-32.76931341665655,-32.68359193406926,-32.59947168205009,-32.516773492289445,-32.435308141002785,-32.35487560158375,-32.27526679701548,-32.19626656595098,-32.11765961194288,-32.0392383640287,-31.96081334646949,-31.882225369357965,-31.80335652454286,-31.724135581220985,-31.644535120361994,-31.564560941187562,-31.48423980179093,-31.403608283959368,-31.322706042447052,-31.24157112592365,-31.160237990354474,-31.07873703041573,-30.997094096083135,-30.915331980393432,-30.833467593313404,-30.75151427809132,-30.66948856907521
-36.17399367174315,-35.97296368087245,-35.77451389036564,-35.57824630236228,-35.38421657346235,-35.19289808426317,-35.005159796897225,-34.822219250328835,-34.64552657812506,-34.476545966207574,-34.31647209996857,-34.16596866252396,-34.025044559473045,-33.89311322609755,-33.769187779154414,-33.65211621928345,-33.54077573228911,-33.43418960366593,-33.33157065131547,-33.232315834906935,-33.135973973456196,-33.04220681394547,-32.95075290715868,-32.861397294709505,-32.77394841005775,-32.68822238000595,-32.60403338006369,-32.5211870773062,-32.43947831014848,-32.35869063621234,-32.27859778832449,-32.198968444219474,-32.11957227969622,-32.040189431173324,-31.96062213051623,-31.880708198370726,-31.800332619886657,-31.719432708839772,-31.637994283607156,-31.556039418818916,-31.47361223018556,-31.390766375492845,-31.307557322943133,-31.224037251847143,-31.14025299207031,-31.056245488924848,-30.9720495021865,-30.887695370290803,-30.803205940197497,-30.718599188509717,-30.63389643683023
-36.171907998793,-35.97093398210001,-35.772544545406554,-35.57633948759768,-35.382371956835534,-35.19111375814571,-35.00343252280152,-34.820544947308626,-34.643900261348705,-34.47496233847838,-34.31492450985083,-34.16444816626018,-34.02353866681902,-33.89160536543412,-33.76765767188743,-33.650541371626176,-33.539133848768316,-33.43246150873068,-33.329742146963525,-33.23037867922877,-33.133925722643276,-33.04005151748714,-32.94850006411438,-32.85906043593223,-32.77154610595101,-32.68577881988671,-32.601577741253465,-32.5187548464889,-32.43710865546402,-32.3564311394351,-32.276501737716316,-32.19709530774189,-32.117987197088695,-32.03896202480101,-31.959825062153428,-31.88041486870625,-31.80061488517826,-31.720359121612706,-31.63962774494431,-31.55843652795605,-31.47682244191199,-31.39483238054603,-31.31251552656688,-31.229918550085497,-31.147083435151316,-31.064046845423526,-30.980840222048254,-30.89749090088619,-30.814019433972835,-30.730442020032775,-30.646778133802304
-36.17028106542467,-35.96938003079144,-35.77106202448855,-35.574926416372236,-35.38102734833069,-35.1898375741264,-35.00222636294324,-34.81941222009043,-34.64284672525057,-34.47399591764543,-34.31405392515383,-34.16368296292456,-34.022888285321024,-33.891077716571694,-33.76725826768188,-33.65027244316421,-33.538993435037376,-33.432443175305494,-33.329835264600085,-33.23056977230628,-33.134199096661824,-33.040389926378886,-32.94888535922294,-32.859475293721054,-32.77197354690423,-32.68620249543144,-32.60198234298488,-32.51912516520236,-32.437432773053175,-32.356695674739484,-32.276694969381516,-32.19720640881019,-32.118006113750866,-32.03887986166274,-31.959633957216347,-31.880108066521345,-31.80018691587061,-31.71980563382003,-31.638945542653282,-31.557623163492792,-31.475876379485687,-31.393752520843417,-31.31130107860281,-31.22856924242133,-31.145597942553643,-31.062425332843077,-30.97908219331702,-30.895595993787026,-30.81198725355903,-30.7282721262252,-30.6444700934304
-36.17184388222599,-35.970873756379675,-35.772488376794946,-35.576288203036306,-35.38232658972624,-35.191075577594766,-35.00340278856272,-34.82052549013579,-34.6438933593475,-34.474970929985446,-34.31495161827099,-34.16449695722824,-34.02361230964929,-33.89170653568779,-33.76778769660009,-33.65069992275374,-33.53931859205136,-33.43266829551122,-33.32996588368727,-33.230613068700045,-33.13416471492127,-33.04028847866527,-32.94872781375301,-32.85927263238401,-32.77173652302382,-32.6859417573596,-32.601708989511614,-32.51885245692819,-32.43717357288381,-32.35646720301333,-32.276517744096154,-32.19710323479898,-32.11800397032343,-32.03900925616206,-31.959928437970817,-31.880603189342317,-31.800919445127732,-31.720811416766136,-31.640258927481202,-31.559275776062968,-31.477896551207795,-31.39616525616775,-31.314128207469295,-31.23182918204581,-31.149307622182906,-31.066597590735366,-30.983729544455507,-30.900728086307286,-30.817612745967608,-30.734398635747354,-30.651104034380623
-36.17065688438319,-35.96974121409318,-35.77141125081952,-35.575263304804565,-35.38135009443016,-35.19014276419337,-35.00250971783234,-34.819668217333714,-34.64306700926783,-34.47416861640299,-34.31416396447099,-34.16371241837506,-34.02281909161077,-33.890894347941256,-33.76695019604664,-33.649835368758225,-33.538428466116535,-33.43175523405462,-33.32903100421632,-33.22965570359097,-33.13318075670394,-33.03927171259601,-32.947670417603355,-32.85816484921492,-32.77056686831615,-32.68469573771826,-32.60036740551088,-32.517388671036514,-32.43555447537882,-32.35464775226287,-32.27444055293132,-32.19469896628624,-32.11518958749496,-32.03568910250336,-31.955996053025512,-31.875944821633514,-31.79541782834876,-31.714350907749562,-31.632729443621475,-31.5505762196012,-31.467936240684427,-31.38486453777884,-31.301418208648336,-31.21765061147699,-31.13361030485823,-31.049339168690164,-30.964873088585072,-30.880243357938028,-30.795473467677727,-30.710581924532807,-30.62559079331067
-36.171473529519645,-35.97050584964083,-35.772125531041674,-35.575930123022665,-35.38197161233247,-35.190720178514844,-35.00304278362567,-34.820156025680056,-34.643508604773544,-34.474565299876,-34.31451987068991,-34.16403475117268,-34.02311627976308,-33.89117436321259,-33.76721903486038,-33.65009689385164,-33.53868587655207,-33.432012242473334,-33.329293499637764,-33.2299311295498,-33.13347885782927,-33.03960405862947,-32.948050368512625,-32.858608088405724,-32.77109218787797,-32.68532622873151,-32.601131940730546,-32.51832367385962,-32.43670509726063,-32.3560686047018,-32.27619739317265,-32.196869091226844,-32.1178616891102,-32.03896202706541,-31.959976882951086,-31.880745716457113,-31.80115219367722,-31.72112870380419,-31.640654052970937,-31.55974152810625,-31.4784257253776,-31.396751792304396,-31.314764268003938,-31.23250988989764,-31.150027972162015,-31.067353151999964,-30.984516625190345,-30.901543376171453,-30.818453393286255,-30.735262131602937,-30.65198840418049
-36.17138351250104,-35.97044485231401,-35.772087744582045,-35.575913295055514,-35.3819757833473,-35.190747178723434,-35.00309628238101,-34.82024105238144,-34.64363233132613,-34.47473600091737,-34.314745635550324,-34.16432277944191,-34.023472323090814,-33.89160142405209,-33.76771654838757,-33.650659962274915,-33.53930548325935,-33.43267633191134,-33.329988234107056,-33.2306429329794,-33.134193899014285,-33.04030861719572,-32.94872971604942,-32.859246239577686,-32.77167036509287,-32.685821236859404,-32.601516808447585,-32.518566421986336,-32.43676891474981,-32.35591226409776,-32.27577504589574,-32.196130559261235,-32.11675306326846,-32.03742696661958,-31.9579578543978,-31.878185345013645,-31.797994992883655,-31.717323273884112,-31.636153554388883,-31.55450458332397,-31.472416609525272,-31.389939180646124,-31.30712384586202,-31.224019178681274,-31.140668700962856,-31.057110707625196,-30.97337737918486,-30.889497056932246,-30.805490896216604,-30.72137557557509,-30.637171110740955
-36.1693499325782,-35.96847069020454,-35.770171601902405,-35.57405252648264,-35.380167949145104,-35.18899004673764,-35.00138798894247,-34.81858125592413,-34.64202253201094,-34.47318054700761,-34.313252574333504,-34.162903973963715,-34.022142508756346,-33.890376478547296,-33.76661107979607,-33.64968526667352,-33.538468051218906,-33.431977436575536,-33.329424808550094,-33.23020880884439,-33.1338813121511,-33.040109509631016,-32.948637050228925,-32.85925418192177,-32.771774990517294,-32.686021031054516,-32.60181115871541,-32.51895588766552,-32.437254943669394,-32.35649600168628,-32.27645700612781,-32.196910013200224,-32.11762761013771,-32.03839216840331,-31.959007185212997,-31.87931052790905,-31.799186219069497,-31.718569503659847,-31.637443180135552,-31.55582621052639,-31.473759311582615,-31.391292923418092,-31.308479624810833,-31.225369433945687,-31.14200569887262,-31.0584288227513,-30.974671382165937,-30.89076247244748,-30.806723825539287,-30.722572610070017,-30.63832935528017
-36.1729434326143,-35.9719414250635,-35.7735263778768,-35.57729792003262,-35.38330958432285,-35.19203309941819,-35.004335631440775,-34.82143400522031,-34.64477548922895,-34.47582142876025,-34.31576230161082,-34.16525621367757,-34.024306038605346,-33.89232039700548,-33.76831040142237,-33.65112546068126,-33.539647333628366,-33.43290612226357,-33.33012266535156,-33.23070168464843,-33.13419888592239,-33.040281912047156,-32.94869464719494,-32.8592261950554,-32.77168975904655,-32.68590718092886,-32.60169869484649,-32.51887725112174,-32.437245769561585,-32.356596056130094,-32.27671218232265,-32.19737120984595,-32.11835220380488,-32.03944301649193,-31.96045165034872,-31.881218598598622,-31.801627821623306,-31.72161253797939,-31.64115168927653,-31.560258356897158,-31.478966804282603,-31.397321640850972,-31.315366898779768,-31.233148797898178,-31.150706177142272,-31.06807330277821,-30.98528083350032,-30.902353556112462,-30.81931113221407,-30.736168816648803,-30.65294507073839
-36.16727676754532,-35.966255822970545,-35.76784772306937,-35.57164912017685,-35.37770779354916,-35.1864873101286,-34.9988478396197,-34.81599869558432,-34.639382694115994,-34.47045976439713,-34.310421274243744,-34.15992918196888,-34.01899127691751,-33.88701915254695,-33.76302364856125,-33.64585099273856,-33.53437973552003,-33.42763855405242,-33.32484951243937,-33.22542070245357,-33.12891282655009,-33.034999146433904,-32.94342801143457,-32.853993739398405,-32.76651385246485,-32.68081429592897,-32.59671954784353,-32.51404755674436,-32.43260733476799,-32.3521979842318,-32.27261056858247,-32.19363115335232,-32.115046365603824,-32.03665161397651,-31.95826066171138,-31.87971733255413,-31.80090636720395,-31.721758642821396,-31.642247809919542,-31.562380055954783,-31.482181736893292,-31.40168862231547,-31.320939173822477,-31.2399701652588,-31.158814869014464,-31.07750215480307,-30.996057269184455,-30.91450148385815,-30.832851388944743,-30.751119701501633,-30.66932188876751
-36.17642458694411,-35.97552728455274,-35.77718448848299,-35.58100010693372,-35.38703477835151,-35.19576855206969,-35.008077969712,-34.825188878289694,-34.648557861219906,-34.47965341749091,-34.31966863367963,-34.16926197688827,-34.02843332805603,-33.89658645715648,-33.77272723306731,-33.655700024346146,-33.54438206418427,-33.43779810494039,-33.335163284567244,-33.235876000345634,-33.13948541848883,-33.04565289089178,-32.95411565380572,-32.864656309214205,-32.777081291347244,-32.69120477785912,-32.60683754419109,-32.52378146269217,-32.441825643625485,-32.360748043487426,-32.28031521919415,-32.200288018572685,-32.12042815023948,-32.04050862998808,-31.96032577028363,-31.879713415175146,-31.798555483281454,-31.71679157620113,-31.634412097048884,-31.551445396492664,-31.467942615818075,-31.38396453168484,-31.299573428531104,-31.214827689368548,-31.129779551081402,-31.044474515362324,-30.958951094699042,-30.873243111778493,-30.787373030697644,-30.70136737926257,-30.61524296454677
-36.17578539598753,-35.97489947414475,-35.77656463353733,-35.58038439154025,-35.38641685754786,-35.195140634382184,-35.0074313703324,-34.824513823074604,-34.64784390761285,-34.47888964820878,-34.31884387835764,-34.168362643655115,-34.02744243719955,-33.895481992225,-33.771480762922465,-33.65427744074742,-33.54274599625022,-33.43591250656276,-33.33299708569186,-33.23340609847881,-33.13669965482211,-33.04255228125095,-32.950714896720854,-32.86098795241633,-32.77319814496467,-32.68718301666087,-32.602780992043215,-32.51982636027738,-32.438145778446604,-32.35755667761402,-32.27786859671498,-32.19888623963738,-32.12041394870048,-32.04226265928017,-31.964258496384776,-31.88625346630721,-31.808134910581217,-31.72983021079199,-31.651304496739485,-31.572552007901464,-31.493584927065893,-31.414439732346302,-31.33509416164973,-31.255618173620356,-31.17601771861288,-31.0963115356865,-31.016515370113723,-30.936643515224958,-30.85670566968481,-30.776709186417083,-30.69666529141454
-36.170005064444915,-35.96898858890929,-35.77056692438138,-35.57434480306262,-35.38037667088651,-35.18913311774634,-35.00147905020964,-34.81862764015682,-34.64202491860227,-34.47313090970079,-34.31313445167859,-34.1626919550128,-34.02180410026911,-33.88987597028079,-33.7659138886225,-33.648762235410274,-33.537298328944324,-33.43054967103724,-33.327735780939776,-33.22826078986055,-33.13167966704276,-33.0376573202269,-32.94593119182429,-32.85628043225291,-32.76850419989281,-32.68240572568261,-32.59778293349398,-32.51442315555416,-32.432101399862596,-32.35058031457613,-32.2696128412867,-32.188947391590574,-32.10833606294284,-32.02754508278618,-31.946367965178922,-31.864640500738453,-31.78225292744218,-31.69915502138023,-31.615350483466038,-31.530881852049554,-31.445814350193874,-31.36022154470553,-31.27417684224339,-31.1877480939157,-31.100995602943854,-31.01397092001013,-30.92671929881328,-30.83927615101908,-30.75167048859288,-30.66393044839281,-30.576075557078354
-36.169832094354426,-35.968890977077095,-35.770538214348456,-35.574374433043765,-35.38045421227049,-35.189249810597516,-35.00162934722067,-34.81881132766845,-34.64224509940361,-34.473394743781895,-34.31345109273759,-34.16307195012568,-34.02225817184451,-33.890415055426416,-33.766549301603476,-33.64950537430752,-33.538160631909186,-33.431542465543934,-33.32887012650577,-33.22954735344662,-33.13312943616407,-33.039284822860374,-32.94775721128933,-32.85833480998521,-32.77083052802271,-32.685064861294805,-32.600855779870464,-32.518013629481864,-32.43633766539361,-32.35561613049812,-32.27562783330121,-32.19614636569949,-32.1169459119948,-32.037810461946165,-31.95854496424572,-31.878988095838213,-31.799024070092315,-31.718587828903033,-31.637661561313173,-31.556262691282303,-31.474430194104258,-31.39221268484233,-31.309660907660508,-31.226823258900485,-31.14374176763527,-31.06045487045776,-30.976995471759043,-30.893390543622775,-30.80966150597,-30.725825070974075,-30.641901013989674
-36.17375292289998,-35.972842387025786,-35.774501144824654,-35.578330588617675,-35.384387095180294,-35.19314599609022,-35.00547977648582,-34.822609721920685,-34.64598812492532,-34.477080917681036,-34.3170793652639,-34.16664197404686,-34.025771706395616,-33.893875498187484,-33.76996214106632,-33.6528772781886,-33.541497365040556,-33.43484738023491,-33.33214337687493,-33.23278627820494,-33.136329333638095,-33.04243997426453,-32.95086251826271,-32.86138788863858,-32.77383192943787,-32.68801877505111,-32.60377131050981,-32.520904806328105,-32.439224270291795,-32.358523863935666,-32.27858828045392,-32.199196571127764,-32.12012835764819,-32.04117171793634,-31.96213514587067,-31.88285847287949,-31.803226067468803,-31.723170578828167,-31.642670199095857,-31.561737586700392,-31.480406529538094,-31.39872033544821,-31.316725007949675,-31.23446388409995,-31.151976238306233,-31.069296454939586,-30.98645394596203,-30.903474225373756,-30.820376405377434,-30.737175562981218,-30.653889589938476
-36.171830330755796,-35.970888634526716,-35.77252488897137,-35.576341322666856,-35.38239237466432,-35.19115172141487,-35.00348899717046,-34.82062250061798,-34.64400314898207,-34.47509689361844,-34.315097708136776,-34.16466791736707,-34.023813977197825,-33.891946133066845,-33.76807359982274,-33.65104001718738,-33.539718196084934,-33.433127553567836,-33.330477705016555,-33.231163229964785,-33.13473092766564,-33.04084398370283,-32.9492431672034,-32.85971833759308,-32.77208548549643,-32.68617069191816,-32.601800030395374,-32.518793094467156,-32.43695993944825,-32.35610041683636,-32.27600558541743,-32.196461062518,-32.11725286143079,-32.038175328069336,-31.959042145221346,-31.879698215014763,-31.800030361388178,-31.719972986476304,-31.63950446443575,-31.558636524357386,-31.47740069220176,-31.39583776035411,-31.313990834884116,-31.231901071174125,-31.149603993689148,-31.067132815016862,-30.984514387646733,-30.901772592984088,-30.818925106738543,-30.735985841482158,-30.65297191986849
-36.17034060937957,-35.969404575670346,-35.7710619755643,-35.574908579604916,-35.380995708375565,-35.18979312263211,-35.00216795164769,-34.819337836119665,-34.64275272310619,-34.473878069653864,-34.313907897465256,-34.16350382879663,-34.02267003560506,-33.890811680790165,-33.76693123271831,-33.64986588602467,-33.5384840418763,-33.43180388283498,-33.329038103351245,-33.22958689605479,-33.13300453171357,-33.03895979669271,-32.94719749620637,-32.857506661583905,-32.76969944151499,-32.68359453403621,-32.599007661094966,-32.515746197009086,-32.43360646613197,-32.35237416162433,-32.271826704454824,-32.191737228271286,-32.11188133016698,-32.03204626664173,-31.952041964647766,-31.871713558286885,-31.79095263035657,-31.709701073002652,-31.62794771851245,-31.54571535185015,-31.46304703470865,-31.37999418563668,-31.296609357232406,-31.21294155564334,-31.12903447540734,-31.0449259351874,-30.96064818450574,-30.876229142587274,-30.79168963053042,-30.707046214211278,-30.62231844214041
-36.17123622245725,-35.9703048652411,-35.771955729663816,-35.57578932258503,-35.38185917346564,-35.19063740520101,-35.00299321253737,-34.82014527152283,-34.64354405409457,-34.474655369066475,-34.31467327014699,-34.16425920184166,-34.02341793115938,-33.89155779613601,-33.76768705504085,-33.650650360702215,-33.53932351344472,-33.432730463467266,-33.33008611162952,-33.23079025322748,-33.134394900895145,-33.040565798570796,-32.94904658577993,-32.85962729402157,-32.772123279384346,-32.686359353625164,-32.60215919764152,-32.51933982188087,-32.437708244678504,-32.35706081788232,-32.27718476915499,-32.19786159332299,-32.118873447731346,-32.04001116900159,-31.961084651453884,-31.881935681696206,-31.802448731404763,-31.72255662879756,-31.64223702767677,-31.5615013996958,-31.480382270689237,-31.39892244630356,-31.31716415208149,-31.235151997755093,-31.152922982105782,-31.07051053344082,-30.987943935691995,-30.905246931118533,-30.82243856974689,-30.739533411102204,-30.656549293239475
-36.171213092671216,-35.97026485100978,-35.77190105266711,-35.57572124333644,-35.381779088895264,-35.19054621953344,-35.00289097288853,-34.82003032138388,-34.64341448457022,-34.47450799196374,-34.31450375976692,-34.16406396706447,-34.02319424987074,-33.8913034234396,-33.76739954613578,-33.65032647212512,-33.538959422032704,-33.43232244743583,-33.3296318367296,-33.23029009804286,-33.13385169337323,-33.03998477524724,-32.948432920713806,-32.858985564165394,-32.771455467918045,-32.68566278731381,-32.60142526908801,-32.51855234902937,-32.436842586300976,-32.35608304638032,-32.27605125118955,-32.19651931738899,-32.11726032954185,-32.0380571552616,-31.958713966913074,-31.87906901737253,-31.799006559746193,-31.718461830390993,-31.637417488994316,-31.555891907147725,-31.473924930458356,-31.391566072620986,-31.308867014629676,-31.225876897965495,-31.1426383272485,-31.059191009031693,-30.975566964784136,-30.891794740661332,-30.807895748680693,-30.723886859981533,-30.639788165097446