-36.17121353326372,-36.12069475591718,-36.07037463920279,-36.02023771882859,-35.97027075654981,-35.920462769854375,-35.87080468089896,-35.82128942910535,-35.771911831173675,-35.722668487325315,-35.67355788632588,-35.62457992544918,-35.575736450287856,-35.52703077496727,-35.47846792226761,-35.43005434637667,-35.38179839349401,-35.333709741135934,-35.28579982927814,-35.23808149473257,-35.190569179683614,-35.14327871780044,-35.096227360005805,-35.04943373119049,-35.002917634615855,-34.95670007392568,-34.910802969766294,-34.86524901125362,-34.82006159580417,-34.77526434352736,-34.730881082736225,-34.6869356278187,-34.64345059652342,-34.600448991783374,-34.55795189296821,-34.515979406867885,-34.474549784391044,-34.433679193250775,-34.39338202989026,-34.35367007299488,-34.31455260065752
-36.171662360837196,-36.12114571239471,-36.07082688038732,-36.02069041561301,-35.97072325697732,-35.92091440847618,-35.87125489760987,-35.82173776466328,-35.77235784937418,-35.72311186196344,-35.67399823160023,-35.625016997589384,-35.57617003285059,-35.527460734720556,-35.47889413608185,-35.430476941726354,-35.38221723574877,-35.334124846029944,-35.286211265126404,-35.23848928295833,-35.190973340072574,-35.1436793256916,-35.09662452453824,-35.04982755236029,-35.00330828526921,-34.957087668316795,-34.911187702560674,-34.865631069110925,-34.82044116219662,-34.77564167179443,-34.73125641298195,-34.68730899201748,-34.64382256000363,-34.600819576459706,-34.55832133653076,-34.516347860501654,-34.474917351386615,-34.43404609838343,-34.393748323785935,-34.35403588319598,-34.31491790412486
-36.17073150980509,-36.1202106170554,-36.06988924205281,-36.01975182598494,-35.969785089824626,-35.91997792838486,-35.870321286726245,-35.820808040848576,-35.771432934961496,-35.72219249768765,-35.673085046476466,-35.6241105321207,-35.57527062513558,-35.52656866632569,-35.47800961895175,-35.42960002748966,-35.3813480919374,-35.33326350758652,-35.285357625207574,-35.237643287546355,-35.19013479364481,-35.142848062755526,-35.09580029483664,-35.04901009464239,-35.002497271726625,-34.95628281096787,-34.91038866034011,-34.864837434688,-34.81965257127607,-34.77485766472025,-34.730476523580066,-34.68653282967711,-34.643049687803135,-34.600049615373365,-34.557553921826766,-34.515582568541454,-34.474153954665134,-34.43328424890945,-34.39298783879064,-34.3532765361497,-34.31415967528421
-36.171360994593435,-36.12085149319472,-36.07054001612253,-36.02041108520518,-35.9704514814718,-35.92065024512324,-35.87099847060963,-35.821488905023486,-35.77211664316892,-35.72287817331695,-35.67377189301022,-35.62479781722672,-35.57595778029577,-35.527255193256906,-35.478695093573734,-35.43028412416841,-35.38203049837431,-35.33394398739527,-35.28603603866483,-35.23831954674834,-35.1908089118386,-35.143520041288475,-35.09647019566989,-35.049678028109064,-35.00316338360756,-34.95694724032864,-34.91105164589718,-34.86549924054674,-34.820313541760285,-34.77551818216374,-34.73113706791217,-34.687193804355346,-34.643711612364605,-34.600712931548145,-34.558219077934496,-34.51625016126773,-34.47482443764887,-34.433958101766095,-34.39366559080688,-34.353958725891566,-34.31484676450312
-36.171106862605185,-36.12058159835873,-36.070255408099364,-36.020112514176596,-35.970140439959344,-35.92032770304646,-35.870665146937775,-35.82114580269547,-35.77176452254906,-35.72251786666743,-35.67340417595164,-35.62442341666369,-35.575577316854414,-35.52686926099185,-35.47830423725633,-35.429888804546685,-35.381631103607084,-35.33354094909546,-35.28562969033752,-35.23791015889125,-35.190396701534596,-35.143105180802614,-35.09605277706367,-35.04925806538329,-35.00274084701989,-34.95652210105837,-34.91062373477721,-34.86506845983883,-34.81987961113846,-34.77508090321663,-34.73069606345136,-34.68674866622997,-34.643261890631074,-34.600258168266244,-34.557758772872475,-34.51578377027293,-34.474351363145644,-34.433477725849656,-34.39317718430306,-34.353461612153254,-34.31434018666793
-36.171480145801276,-36.12096443440087,-36.07064625665948,-36.02051018809391,-35.970543163057165,-35.92073429548468,-35.8710746615677,-35.82155724224437,-35.77217706319628,-35.72293066047126,-35.67381658476211,-35.624834886732835,-35.57598737792963,-35.527277620838056,-35.478710570305935,-35.430292869162535,-35.38203278456563,-35.33394013041927,-35.28602633355366,-35.23830430846049,-35.19078851091358,-35.143494808592216,-35.09644052800335,-35.049644290232706,-35.00312597196659,-34.95690651012829,-34.911007966684316,-34.865453022188944,-34.82026509734868,-34.775467901940786,-34.731085264249224,-34.6871407940751,-34.643657732475916,-34.600658509193956,-34.55816446370511,-34.516195656656144,-34.47477032383852,-34.433904643244304,-34.393613014870034,-34.3539072096744,-34.31479650148944
-36.17095202652137,-36.12043031607138,-36.07010834980861,-36.019970514526264,-35.97000348164498,-35.92019624447558,-35.87053959609542,-35.82102646186309,-35.77165155558647,-35.722411312461404,-35.67330408067407,-35.624329788439,-35.57549011694798,-35.52678835260085,-35.47822945928495,-35.42981990792809,-35.381567955243426,-35.33348323169948,-35.28557716998024,-35.2378625004898,-35.19035361806277,-35.14306630824779,-35.09601783609009,-35.04922670581115,-35.002712801975434,-34.95649694749562,-34.91060112505688,-34.86504798017994,-34.819860910423124,-34.775063542090976,-34.73067963970102,-34.68673282543153,-34.64324626243646,-34.60024239892333,-34.55774247158878,-34.51576657514458,-34.474332889743316,-34.43345770391004,-34.393155274761824,-34.353437437065914,-34.31431345941479
-36.17022893853056,-36.11972226746951,-36.06941433637308,-36.01928951616795,-35.969334658553684,-35.91953873946587,-35.869892748001796,-35.8203896620513,-35.771024333157634,-35.721793359798276,-35.67269518683551,-35.62372975435504,-35.574898888967226,-35.52620590911128,-35.47765585942076,-35.42925525419708,-35.38101237159348,-35.332937052486464,-35.28504065667498,-35.237336133938626,-35.18983784588202,-35.14256168602407,-35.095524891763304,-35.04874615625139,-35.002245309568,-34.95604336722402,-34.910162339737454,-34.864624957709694,-34.819454647312234,-34.77467507589961,-34.730310117358805,-34.68638336219723,-34.64291801696557,-34.59993653541367,-34.557460260752364,-34.51550914880115,-34.47410155862207,-34.433253640132335,-34.392979741623236,-34.35329164647847,-34.314198561696
-36.172432520860205,-36.121898985813935,-36.07156408777924,-36.02141224884236,-35.97143031765048,-35.921607294218134,-35.87193410140587,-35.82240369856903,-35.77301089681174,-35.72375224275749,-35.67462615130843,-35.62563267140662,-35.57677354598379,-35.52805209802159,-35.47947332036801,-35.431043753022706,-35.382771525322816,-35.33466641323125,-35.28673983916552,-35.2390045568738,-35.191474987418836,-35.14416693188962,-35.097097624629406,-35.05028558666673,-35.00375059228986,-34.9575135402986,-34.9115963708743,-34.86602171812641,-34.820812965445825,-34.775993764039505,-34.731587903540195,-34.68761893991576,-34.64410999489929,-34.601083523337095,-34.55856073292697,-34.516561778081076,-34.47510488656928,-34.43420627291534,-34.393880404062344,-34.35413904918979,-34.31499158854961
-36.17225100543657,-36.12173112763846,-36.07140928012217,-36.02127001189968,-35.971300223620645,-35.92148890186073,-35.8718271017838,-35.822307724196506,-35.77292570979012,-35.72367761096328,-35.67456206152065,-35.625578440797796,-35.57672918836787,-35.52801750530171,-35.47944850158715,-35.43102862722238,-35.38276614741643,-35.33467087658529,-35.28675411353454,-35.23902872621687,-35.191509153763654,-35.14421125725328,-35.09715229416882,-35.05035093041855,-35.003826985705125,-34.957601441605874,-34.91169624916698,-34.86613413098529,-34.820938441186314,-34.77613284679292,-34.73174115846344,-34.68778701064773,-34.64429353457059,-34.60128313790972,-34.558777195629226,-34.5167957089575,-34.4753568839859,-34.43447703435471,-34.394170384425,-34.3544487432387,-34.31532135828953
-36.16991956729234,-36.11940237456537,-36.069084564830945,-36.01895059214462,-35.96898715172436,-35.91918318019583,-35.869529721140374,-35.82001958975824,-35.77064755646593,-35.72141023139372,-35.672305981710174,-35.62333480509625,-35.574498438683754,-35.525800211002114,-35.47724508552678,-35.42883960480687,-35.380591899442535,-35.33251170165054,-35.284610457019,-35.23690094991607,-35.189397575154096,-35.142116215160705,-35.095074150091435,-35.04828991756376,-35.00178340868513,-34.95557557603373,-34.90968837562679,-34.86414442887444,-34.8189671553787,-34.774180168250766,-34.729807317248834,-34.68587219277563,-34.64239817417148,-34.599407206296384,-34.556921114590004,-34.514959735283675,-34.473541433589894,-34.43268237058509,-34.392396917996294,-34.352696938462536,-34.31359169918302
-36.1725414362524,-36.122015376770534,-36.07168796477008,-36.02154370377578,-35.971569362577334,-35.92175397208277,-35.87208847526796,-35.82256579976939,-35.7731807993879,-35.72392998409796,-35.67481184247311,-35.62582628946723,-35.57697509042957,-35.52826164652056,-35.47969091821089,-35.431269476050666,-35.38300550400791,-35.334908768043384,-35.28699066748487,-35.23926402293919,-35.191743218274105,-35.144444094900614,-35.097383900285784,-35.05058119059283,-35.004055810072266,-34.95782869628894,-34.91192175501116,-34.86635765744876,-34.821159784444326,-34.77635176189697,-34.73195737416561,-34.688000273765404,-34.644503544025135,-34.601489638494854,-34.5589798431173,-34.5169940569659,-34.47555063378536,-34.43466583836936,-34.39435388921398,-34.35462660492735,-34.31549324217598
-36.16856595244862,-36.11806184037903,-36.06775630804687,-36.017633887253936,-35.967681379305354,-35.917887880835934,-35.86824440122814,-35.818743849270206,-35.76938114026623,-35.72015272546481,-35.67105706133927,-35.622094156240166,-35.57326580558032,-35.524575378628775,-35.476027991394155,-35.427630122658485,-35.379390097466676,-35.33131763374395,-35.28342416433029,-35.235722524003286,-35.18822718374501,-35.14095402020974,-35.09392029903339,-35.047144710398904,-35.000647057143034,-34.95444837801927,-34.90857064131613,-34.863036565848084,-34.817869648942334,-34.773093580425304,-34.72873224640645,-34.68480946160254,-34.64134794057124,-34.5983707218534,-34.55589895157328,-34.513952649275566,-34.472550264293304,-34.43170795329031,-34.391440160448205,-34.35175873620464,-34.31267295959684
-36.17126605150371,-36.120748622706444,-36.07042990803286,-36.0202944084334,-35.9703288943409,-35.92052238317645,-35.870865823754876,-35.82135212846454,-35.77197607490375,-35.72273426294056,-35.67362514295634,-35.624648618930784,-35.57580653927592,-35.52710223784861,-35.478540773837146,-35.43012862397941,-35.3818742002496,-35.33378705483284,-35.28587859815394,-35.238161712794394,-35.19065082322412,-35.14336167893122,-35.096311666359526,-35.04951933010115,-35.003004554383345,-34.95678833375664,-34.910892621380945,-34.86534006431648,-34.820154121566446,-34.775358416250235,-34.730976745472795,-34.68703274446005,-34.64354958099628,-34.60054969281123,-34.558054369092915,-34.516083712340034,-34.47465592947695,-34.433787208926795,-34.393491922127204,-34.35378187383211,-34.314666355013486
-36.17114129939007,-36.12062074027442,-36.07029869538229,-36.02015944358367,-35.970190700689486,-35.92038061052644,-35.87072040177141,-35.82120301969369,-35.77182333051668,-35.72257796241049,-35.67346528247796,-35.624485293647034,-35.575639748900834,-35.526932018182634,-35.47836706579379,-35.429951512658405,-35.381693597242595,-35.33360305977063,-35.28569132040607,-35.237971219178256,-35.19045713377996,-35.14316483833277,-35.09611161289359,-35.04931605617278,-35.00279800428901,-34.95657835746927,-34.91067913912365,-34.865123006188526,-34.81993338373251,-34.775133888183085,-34.73074835872967,-34.6868005127458,-34.64331324109222,-34.60030925743579,-34.55780982234363,-34.515834894394146,-34.47440281257773,-34.43352973458493,-34.393229994543105,-34.353515408206114,-34.31439524473392
-36.17082311712265,-36.1203124922347,-36.070000212867555,-36.01987083361095,-35.969911209384534,-35.920110454474255,-35.870459506638966,-35.820951353852514,-35.77158080129772,-35.72234447979277,-35.67324092132693,-35.624270003062634,-35.57543362198968,-35.52673513070284,-35.478179538430894,-35.42977346926348,-35.381525106314875,-35.33344424794783,-35.28554238423305,-35.23783241511994,-35.190328667622275,-35.14304718829202,-35.096005187672745,-35.04922130135948,-35.00271538615407,-34.956508427742,-34.910622416954645,-34.86508005368661,-34.81990473652909,-34.775120230802095,-34.73075031010302,-34.6868186289568,-34.64334851468745,-34.600361993478764,-34.55788076159637,-34.51592477824148,-34.474512227168816,-34.433659258290795,-34.39338021766639,-34.353686862346265,-34.31458841666669
-36.17148027770009,-36.12095600647118,-36.07063055733425,-36.020488366378636,-35.97051622705305,-35.92070312387346,-35.87104009811778,-35.82152001254334,-35.77213767679792,-35.72288964957528,-35.6737742974145,-35.62479154400564,-35.575943134751974,-35.52723243223445,-35.47866449007855,-35.43024577635814,-35.381984564710635,-35.33389059962335,-35.28597519531357,-35.23825123721556,-35.190733022616335,-35.14343646426151,-35.09637875073513,-35.04957845796087,-35.003055412872776,-34.95683055131839,-34.910925774962195,-34.86536377761813,-34.820167930547306,-34.77536190539596,-34.730969483531936,-34.68701426279019,-34.64351943287956,-34.600507445417485,-34.557999592448994,-34.516015846195955,-34.474574557087024,-34.43369201082787,-34.39338247586861,-34.3536578352586,-34.31452733638129
-36.1687694368718,-36.11826740957736,-36.0679644096491,-36.01784494643465,-35.96789572379702,-35.91810570146175,-35.86846581889428,-35.81896900386818,-35.769610020993305,-35.720385396877774,-35.67129351287746,-35.62233433516864,-35.57350959000558,-35.52482266866013,-35.476278517424475,-35.42788371105168,-35.379646478775776,-35.33157652482216,-35.283685249379985,-35.23598554718349,-35.18849178397996,-35.14121982802209,-35.09418696776075,-35.04741186174668,-35.00091431921892,-34.954715357951,-34.90883695349548,-34.86330186708932,-34.81813353800768,-34.77335571329074,-34.728992271598514,-34.68506686906291,-34.64160278982926,-34.59862257318323,-34.55614755086343,-34.514197966752214,-34.47279212500825,-34.43194628888337,-34.39167491816317,-34.35198990413445,-34.31290060277717
-36.17398653412669,-36.12344868300977,-36.073109017151594,-36.02295167199873,-35.972964598607035,-35.92313582197179,-35.87345673459267,-35.823920314165946,-35.77452146932343,-35.72525681975812,-35.67612476229855,-35.627125362646325,-35.57826040807247,-35.52953320993311,-35.48094886356103,-35.43251392582042,-35.384236660406096,-35.33612677396496,-35.288195671225495,-35.240456224395686,-35.19292280639773,-35.14561122681516,-35.09853873555704,-35.05172391789823,-35.005186584226074,-34.95894768333599,-34.91302911491379,-34.86745349228037,-34.82224416266517,-34.77742466032449,-34.7330187754062,-34.68904999651113,-34.64554143386622,-34.60251547404729,-34.559993231761084,-34.517994748479786,-34.47653805657022,-34.43563939157734,-34.39531285836231,-34.35557021114441,-34.31642060377179
-36.16921663500464,-36.1187275323521,-36.06843798302336,-36.01833217657478,-35.968396619289166,-35.918620091150714,-35.86899334587474,-35.819509138493046,-35.77016205539884,-35.72094860988462,-35.67186704786235,-35.62291731043209,-35.57410110803065,-35.52542171522974,-35.4768841236645,-35.42849489031728,-35.380262192998345,-35.33219574231869,-35.284307044226125,-35.236608813993975,-35.18911557710454,-35.141843194520284,-35.0948089204676,-35.04803146492644,-35.001530673911695,-34.955327565397795,-34.90944419074641,-34.86390325430507,-34.81872829048329,-34.77394305466338,-34.72957140987342,-34.68563714555103,-34.64216350912585,-34.59917309673983,-34.55668736387031,-34.514726433962686,-34.47330893511961,-34.43245109950628,-34.3921676392454,-34.35247055801045,-34.31336935506956
-36.1727422158094,-36.12220078320622,-36.07185726898117,-36.021696439768846,-35.971705244432314,-35.92187298913723,-35.87219077768497,-35.822651713253514,-35.773250761943984,-35.72398458267697,-35.67485191001099,-35.62585210050417,-35.57698768635517,-35.52826177224237,-35.47967943932367,-35.43124721524169,-35.382973324443576,-35.33486762553751,-35.28694153973471,-35.239207881975595,-35.19168106408887,-35.14437679055446,-35.09731238723846,-35.05050630723078,-35.0039783735524,-34.95774952030718,-34.9118416531792,-34.86627744400415,-34.82108022747857,-34.776273642695,-34.73188139701173,-34.68792704829279,-34.644433608702066,-34.60142345084937,-34.55891767497018,-34.516936321107416,-34.475497380948475,-34.43461699746277,-34.39430934452649,-34.354586043526474,-34.315456200010296
-36.170767274040045,-36.12024791743223,-36.069927581572706,-36.019790735252016,-35.969824102243095,-35.920016774877226,-35.870359622385855,-35.82084563853595,-35.77146954880042,-35.722227963659925,-35.673119300508674,-35.6241434544282,-35.575302125874096,-35.52659868574156,-35.47803810206912,-35.42962682678997,-35.38137307459185,-35.333286559024664,-35.285378696478055,-35.237662305608175,-35.190151762529126,-35.142862890580346,-35.09581294468386,-35.049020524220374,-35.002505420278865,-34.956288628816296,-34.910392085680755,-34.86483849404574,-34.819651238592556,-34.774854013286976,-34.73047059501902,-34.68652464637197,-34.64303935882134,-34.60003724379028,-34.55753960994331,-34.51556664377024,-34.474136592223694,-34.433265689976025,-34.392968399416254,-34.35325653861334,-34.314139414610196
-36.17171630543597,-36.121197985492515,-36.07087787590743,-36.020740604125116,-35.97077292807719,-35.92096419798354,-35.871304417726826,-35.821787500514375,-35.77240801033968,-35.72316255386365,-35.67404959043356,-35.62506917637,-35.57622314288029,-35.52751484070368,-35.47894934054952,-35.430533170877844,-35.38227464424084,-35.33418349860367,-35.28627118427935,-35.23855058634917,-35.191036148700874,-35.14374372351734,-35.09669061643704,-35.04989540050983,-35.00337794485088,-34.957159179417815,-34.91126107371384,-34.86570630614891,-34.82051817692819,-34.775720418880184,-34.73133682011351,-34.68739095892091,-34.64390601081734,-34.60090440546018,-34.558407323035986,-34.516434877814575,-34.47500514119089,-34.43413440742405,-34.39383683133969,-34.35412421940633,-34.31500581148749
-36.16954855009402,-36.119039361357196,-36.06872882191558,-36.01860146029683,-35.96864409554006,-35.91884573757484,-35.86919744896761,-35.81969213763877,-35.77032465346185,-35.721091609978885,-35.67199140587011,-35.62302402312731,-35.57419121358421,-35.52549642690049,-35.47694454260755,-35.42854222111224,-35.3802977113569,-35.33222066624705,-35.284322510046785,-35.236616108617994,-35.18911579375541,-35.14183746313653,-35.09479834476311,-35.04801706776012,-35.00151347207907,-34.95530854309039,-34.90942422310693,-34.86388324743355,-34.81870899897154,-34.773925167633585,-34.729555607890155,-34.68562408005595,-34.642153315782124,-34.59916630910806,-34.55668426055627,-34.51472718599265,-34.473313510341434,-34.43245947738673,-34.39217946938153,-34.352485316724355,-34.31338637909905
-36.172984280106654,-36.12245501755776,-36.07212451147022,-36.021977144130155,-35.971999729794355,-35.922181119182575,-35.8725124061257,-35.82298637501593,-35.773597870888054,-35.724343489017116,-35.67522161505437,-35.626232251413484,-35.57737715534922,-35.52865965397311,-35.48008482829746,-35.431659150375964,-35.38339090991134,-35.335289878107524,-35.28736738436078,-35.239636312183826,-35.19211104126325,-35.14480745018356,-35.097742799542914,-35.05093570208514,-35.00440595067432,-34.95817446896607,-34.912263229026905,-34.866694872858666,-34.821492807468374,-34.77668064883925,-34.73228220288184,-34.688321052139095,-34.64482034047875,-34.60180246328327,-34.559288619664535,-34.51729889529813,-34.47585153567137,-34.434962665053554,-34.394646549375835,-34.35491495428057,-34.315777103632016
-36.17268318334195,-36.12216422738774,-36.07184290643365,-36.0217038313409,-35.97173382592392,-35.92192196066782,-35.87225926755998,-35.82273874626524,-35.7733552991102,-35.72410553399032,-35.674987922193814,-35.62600251512543,-35.57715109831085,-35.52843715628237,-35.4798656640681,-35.43144323601757,-35.38317819131438,-35.3350801830581,-35.28716071550886,-35.23943256888915,-35.191910190160655,-35.14460940266888,-35.0975474789542,-35.050743037799634,-35.00421589155725,-34.957987063160346,-34.91207848184286,-34.86651283753938,-34.82131352398958,-34.77650411821626,-34.73210843611254,-34.68815010408567,-34.644651976728376,-34.60163668935191,-34.55912552491479,-34.51713841417546,-34.475693584255325,-34.43480718734455,-34.39449357914043,-34.354764494932574,-34.3156291431041
-36.16946386609048,-36.11894635895923,-36.06862869990938,-36.018495397885886,-35.96853316756553,-35.91873086436604,-35.869079405093125,-35.819571698362985,-35.77020239977924,-35.72096810506455,-35.67186716766717,-35.62289948771483,-35.57406682790037,-35.525372432699655,-35.47682137241462,-35.428420051086206,-35.380176768299506,-35.33210119101677,-35.28420474780519,-35.23650027150164,-35.189002098759964,-35.14172608356234,-35.094689491347104,-35.04791091543663,-35.001410176179384,-34.955208308729205,-34.90932721122882,-34.86378966095887,-34.81861909073557,-34.77383915101544,-34.72947370354168,-34.685546417786625,-34.64208049844035,-34.599098461729426,-34.55662166366694,-34.514670256047,-34.47326249725152,-34.43241476891159,-34.392141368398384,-34.35245427837676,-34.31336272567325
-36.17200632592527,-36.121480469734145,-36.07115336822664,-36.02100941505005,-35.97103540669864,-35.921220366200984,-35.871555226925544,-35.82203289876142,-35.77264822469981,-35.72339778788296,-35.67427994397986,-35.62529469978519,-35.576443776242066,-35.527730520625866,-35.479159923263516,-35.43073849115842,-35.38247445707413,-35.33437752369519,-35.286459082041596,-35.23873194942403,-35.19121049449717,-35.143910533414584,-35.09684929622966,-35.05004536559589,-35.003518587844646,-34.95728986167146,-34.911381117515326,-34.86581512469157,-34.82061517973321,-34.775804960395256,-34.73140824390837,-34.68744857034971,-34.643949147349915,-34.600932450512545,-34.558419739783574,-34.51643098891328,-34.47498474979569,-34.43409699100067,-34.39378217939605,-34.35405208453063,-34.314916031829206
-36.171584107643135,-36.121059962118984,-36.07073480531542,-36.02059315588734,-35.97062174507698,-35.92080940875745,-35.87114733326006,-35.82162831105747,-35.772247175187374,-35.72300050479189,-35.673886873488165,-35.624905640403796,-35.57605916519858,-35.52735057233575,-35.47878495715904,-35.43036876764569,-35.38211031875356,-35.33401928506408,-35.286107132584235,-35.2383866105409,-35.19087218962164,-35.14357948822006,-35.09652598435285,-35.04973010851564,-35.00321169466029,-34.95699172400834,-34.91109210084121,-34.86553545978449,-34.82034520535734,-34.775544872472075,-34.731158355849914,-34.687209149608364,-34.64372042978378,-34.60071462520274,-34.55821297259035,-34.51623539668847,-34.4748001777483,-34.43392354352009,-34.393619706486085,-34.35390050260034,-34.314775187390374
-36.170134129029094,-36.11963172960653,-36.06932728241881,-36.019205307988784,-35.969252620619,-35.91945821631317,-35.86981314332381,-35.82031036720691,-35.77094476330642,-35.721712931966934,-35.67261329019585,-35.62364580313229,-35.574812357816285,-35.52611623832879,-35.47756252818389,-35.42915781521273,-35.38091033680693,-35.332829881427614,-35.28492785946275,-35.2372171368772,-35.18971214233047,-35.142428736228304,-35.09538423692772,-35.048597289713825,-35.002087751675326,-34.955876540828015,-34.90998567867951,-34.86443784252758,-34.81925638322346,-34.77446500768888,-34.730087487726344,-34.68614754388613,-34.64266828800304,-34.59967220147419,-34.55718053290865,-34.51521337937943,-34.47378890871667,-34.432923426815215,-34.392631165975835,-34.352923916765235,-34.31381092685032
-36.172505687913635,-36.121967569963516,-36.07162890456109,-36.02147415957424,-35.97149010444464,-35.92166571661785,-35.87199192034443,-35.82246164424925,-35.77306967883885,-35.72381258040155,-35.67468872111957,-35.625698071457435,-35.57684232371199,-35.52812493464674,-35.47955082220976,-35.43112650060292,-35.382860265959415,-35.33476166082984,-35.286842153976615,-35.23911454178934,-35.19159322380404,-35.144294004978654,-35.09723413507254,-35.050432200930146,-35.00390805112297,-34.957682500544166,-34.91177765416703,-34.86621611754389,-34.82102124289197,-34.77621672010922,-34.73182631417358,-34.68787362492508,-34.64438183902481,-34.601373419021776,-34.55886960445811,-34.51689062581267,-34.47545462795074,-34.43457793142026,-34.39427485449704,-34.3545572949131,-34.315434560112514
-36.167517332869984,-36.117024968372476,-36.06673178339226,-36.01662224912852,-35.96668318268979,-35.91690347441211,-35.86727414807222,-35.81778800097958,-35.76843976618756,-35.719226014081116,-35.67014508941869,-35.62119692002253,-35.57238321800031,-35.523707514131104,-35.47517461307492,-35.42679096834474,-35.37856495467545,-35.33050609272364,-35.282625862424894,-35.234937085005065,-35.1874541538152,-35.14019287481387,-35.09317052561095,-35.04640566609384,-34.99991815522443,-34.95372897683097,-34.90786003960303,-34.86233404253226,-34.817174409999666,-34.77240480312951,-34.72804902957318,-34.68413067682029,-34.64067297133593,-34.597698331579586,-34.55522807744824,-34.513282182179275,-34.471878974052295,-34.43103470672062,-34.39076356330799,-34.351077371154076,-34.31198535683368
-36.17399367174315,-36.123453544849205,-36.07311179329808,-36.02295290482688,-35.97296368087245,-35.92313354555265,-35.87345231445098,-35.823914360267125,-35.77451389036564,-35.72524760331474,-35.67611392767867,-35.62711288934991,-35.57824630236228,-35.52951752279629,-35.48093167781905,-35.432495247272364,-35.38421657346235,-35.336105359349474,-35.28817303400255,-35.2404324792424,-35.19289808426317,-35.14558571245844,-35.098512622566936,-35.05169737226898,-35.005159796897225,-34.95892087252744,-34.91300254698325,-34.86742753379534,-34.822219250328835,-34.777401287649006,-34.732997524064594,-34.6890315996823,-34.64552657812506,-34.60250468825237,-34.559987614501615,-34.51799523891686,-34.476545966207574,-34.43565586702529,-34.395339400371775,-34.35560837230641,-34.31647209996857
-36.171907998793,-36.1213814312097,-36.071053521411905,-36.02090877029317,-35.97093398210001,-35.92111823890125,-35.87145249955912,-35.82192963918093,-35.772544545406554,-35.723293767169324,-35.67417572088713,-35.625190335369346,-35.57633948759768,-35.527626381217615,-35.47905609618621,-35.43063522284547,-35.382371956835534,-35.33427603835636,-35.28635887707027,-35.238633347808225,-35.19111375814571,-35.14381597192245,-35.096757255518504,-35.049956176159064,-35.00343252280152,-34.957207288035576,-34.911302369540266,-34.865740453289966,-34.820544947308626,-34.77573949261971,-34.7313478994834,-34.68739378251995,-34.643900261348705,-34.60088974765677,-34.558383564155214,-34.516401648210135,-34.47496233847838,-34.43408194514259,-34.3937747261461,-34.35405248759383,-34.31492450985083
-36.17028106542467,-36.119772747471245,-36.06946311267999,-36.01933662424314,-35.96938003079144,-35.919582339799874,-35.86993449671599,-35.82042942449056,-35.77106202448855,-35.72182877182191,-35.6727283799092,-35.62376009766255,-35.574926416372236,-35.52623049914023,-35.4776773548484,-35.429273588767025,-35.38102734833069,-35.33294850392535,-35.28504840608169,-35.23733997114172,-35.1898375741264,-35.142557127285116,-35.09551583636298,-35.04873229234731,-35.00222636294324,-34.95601904207061,-34.91013229066866,-34.86458888883779,-34.81941222009043,-34.77462595358692,-34.73025395214675,-34.68631991263656,-34.64284672525057,-34.59985718226205,-34.55737246239728,-34.515412581666396,-34.47399591764543,-34.43313863616912,-34.39285509031621,-34.353157088192084,-34.31405392515383
-36.17184388222599,-36.12131827812455,-36.07099133465073,-36.020847518587175,-35.970873756379675,-35.92105898841274,-35.87139423044711,-35.821872411143765,-35.772488376794946,-35.7232387166846,-35.674121865780734,-35.62513776523394,-35.576288203036306,-35.5275764839433,-35.479007637115004,-35.43058828142067,-35.38232658972624,-35.33423232410132,-35.28631695878016,-35.23859324329295,-35.191075577594766,-35.14377980437425,-35.09672315022983,-35.04992421826336,-35.00340278856272,-34.95717989126726,-34.91127744964836,-34.86571819823868,-34.82052549013579,-34.77572298704337,-34.73133445916397,-34.6873835429709,-34.6438933593475,-34.60088640117941,-34.55838389975311,-34.51640601550303,-34.474970929985446,-34.43409486894158,-34.393792185560464,-34.35407466484916,-34.31495161827099
-36.17065688438319,-36.12014447468727,-36.06983108085449,-36.01970108135547,-35.96974121409318,-35.9199404141292,-35.87028959364992,-35.82078163455528,-35.77141125081952,-35.72217504352185,-35.673071332128686,-35.624100194449134,-35.575263304804565,-35.526564073945906,-35.478007478363125,-35.429600065186705,-35.38135009443016,-35.33326692060157,-35.28536286951839,-35.237649924981255,-35.19014276419337,-35.14285723549439,-35.095810615916676,-35.04902153619967,-35.00250971783234,-34.956296176542,-34.910402852811266,-34.86485239818832,-34.819668217333714,-34.77487392962706,-34.730493326503215,-34.686549970674534,-34.64306700926783,-34.60006680069905,-34.557570683858806,-34.51559851698451,-34.47416861640299,-34.4332972347906,-34.39299855565056,-34.353284404071054,-34.31416396447099
-36.171473529519645,-36.12094810721847,-36.0706216782327,-36.0204785935715,-35.97050584964083,-35.920692253083736,-35.87102871176521,-35.8215082256024,-35.772125531041674,-35.722877191193106,-35.67376153463813,-35.62477862283389,-35.575930123022665,-35.52721938273899,-35.478651442951815,-35.430232788491566,-35.38197161233247,-35.33387768807609,-35.28596233284985,-35.238238364074064,-35.190720178514844,-35.14342363214944,-35.09636595735128,-35.04956574685493,-35.00304278362567,-34.95681802997522,-34.91091344155065,-34.86535163527312,-34.820156025680056,-34.77535019886461,-34.730958028244636,-34.68700311810482,-34.643508604773544,-34.60049696307534,-34.557989501331626,-34.51600616027469,-34.474565299876,-34.43368319237059,-34.39337411591233,-34.35364991891693,-34.31451987068991
-36.17138351250104,-36.12086609340527,-36.07054708798016,-36.02041108659799,-35.97044485231401,-35.92063743751264,-35.870979844857466,-35.82146498407828,-35.772087744582045,-35.72284470043688,-35.67373454556966,-35.624756581271534,-35.575913295055514,-35.52720779240127,-35.4786450113462,-35.430231614786194,-35.3819757833473,-35.33388727301343,-35.28597756883401,-35.23825937056003,-35.190747178723434,-35.14345686537118,-35.09640566982849,-35.04961217704179,-35.00309628238101,-34.95687883560536,-34.91098193007629,-34.86542821118865,-34.82024105238144,-34.7754442183365,-34.731061447772,-34.687116425787906,-34.64363233132613,-34.60063162516981,-34.55813554885969,-34.51616427623389,-34.47473600091737,-34.43386690397479,-34.39357137968681,-34.35386119026227,-34.314745635550324
-36.1693499325782,-36.1188473640039,-36.06854328047845,-36.018422127707446,-35.96847069020454,-35.918677959194504,-35.86903492302447,-35.81953452903117,-35.770171601902405,-35.72094267692027,-35.67184645574341,-35.62288224443622,-35.57405252648264,-35.52536044651826,-35.47681101541073,-35.42841077121265,-35.380167949145104,-35.33209231066484,-35.28419529029582,-35.23648970749399,-35.18899004673764,-35.14171206498666,-35.094673121800895,-35.0478918223552,-35.00138798894247,-34.95518266560721,-34.90929785240771,-34.863756216757345,-34.81858125592413,-34.77379665410203,-34.729426292823575,-34.68549383702192,-34.64202253201094,-34.599034877072256,-34.556552178403585,-34.5145946488126,-34.47318054700761,-34.43232613901519,-34.39204586584432,-34.35235155921588,-34.313252574333504
-36.1729434326143,-36.122409669670205,-36.07207465751923,-36.02192300085507,-35.9719414250635,-35.922119050503994,-35.87244682005934,-35.82291764565933,-35.7735263778768,-35.72426957101347,-35.67514561338878,-35.626154460288944,-35.57729792003262,-35.528579334469434,-35.48000378640278,-35.43157776317386,-35.38330958432285,-35.33520893069051,-35.28728714499647,-35.23955708821356,-35.19203309941819,-35.144731044693,-35.0976681591518,-35.05086308977021,-35.004335631440775,-34.95810673791051,-34.91219829350298,-34.86663293007261,-34.82143400522031,-34.77662514413363,-34.73223010325328,-34.688272451195104,-34.64477548922895,-34.6017610604025,-34.5592510227803,-34.51726502348093,-34.47582142876025,-34.43493631230457,-34.39462402361248,-34.35489626173721,-34.31576230161082
-36.16727676754532,-36.116735614175,-36.06639506494397,-36.016239542305506,-35.966255822970545,-35.91643288745831,-35.8667616512462,-35.817235014639415,-35.76784772306937,-35.71859636939929,-35.66947924336438,-35.62049626748811,-35.57164912017685,-35.52294105489086,-35.474376908439616,-35.42596310211906,-35.37770779354916,-35.32962054247591,-35.281712641763896,-35.2339967983866,-35.1864873101286,-35.13919988206134,-35.09215164076235,-35.04536106446703,-34.9988478396197,-34.952632785600144,-34.906737754496625,-34.86118530286489,-34.81599869558432,-34.771201560784554,-34.72681755046519,-34.682870233144854,-34.639382694115994,-34.59637730757233,-34.55387528168166,-34.511896724315314,-34.47045976439713,-34.42958073284702,-34.38927383900263,-34.34955091211743,-34.310421274243744
-36.17642458694411,-36.12592003901642,-36.075612248274496,-36.02548573803836,-35.97552728455274,-35.92572591346848,-35.87607265698605,-35.82656057766145,-35.77718448848299,-35.727941110703426,-35.6788288510685,-35.62984791166335,-35.58100010693372,-35.53228897894438,-35.4837196531955,-35.43529878674011,-35.38703477835151,-35.33893748127579,-35.29101844600272,-35.24329062474571,-35.19576855206969,-35.148468194483975,-35.101406939724896,-35.05460356671073,-35.008077969712,-34.961851264306844,-34.9159455238382,-34.870383565569334,-34.825188878289694,-34.780385215305046,-34.73599642223852,-34.69204622686399,-34.648557861219906,-34.60555375411567,-34.56305528425905,-34.521082377662424,-34.47965341749091,-34.43878453457012,-34.3984900052228,-34.35878163748171,-34.31966863367963
-36.17578539598753,-36.12528408431659,-36.074979255639946,-36.02485544233443,-35.97489947414475,-35.92510042110701,-35.87544929226798,-35.82593907371388,-35.77656463353733,-35.727322715464574,-35.67821166367744,-35.62923163130915,-35.58038439154025,-35.5316733855508,-35.48310376137035,-35.43468215206556,-35.38641685754786,-35.338317839422274,-35.29039657428104,-35.24266597408612,-35.195140634382184,-35.14783649205525,-35.10077089413644,-35.05396253583813,-35.0074313703324,-34.96119851767841,-34.915285958932444,-34.86971655328479,-34.824513823074604,-34.77970141051154,-34.73530326052153,-34.69134301745248,-34.64784390761285,-34.60482837659211,-34.56231779733899,-34.5203321176933,-34.47888964820878,-34.43800662160191,-34.397697250606875,-34.357973275525545,-34.31884387835764
-36.170005064444915,-36.11946720111821,-36.069128374526066,-36.01897284417265,-35.96898858890929,-35.919163589009635,-35.86948932777845,-35.81995879500388,-35.77056692438138,-35.7213103389706,-35.67218748774026,-35.62319840630843,-35.57434480306262,-35.52563004791764,-35.47705917712732,-35.42863866283506,-35.38037667088651,-35.33228310330259,-35.28436915566283,-35.23664771543396,-35.18913311774634,-35.14184109170905,-35.09478884670379,-35.04799493179467,-35.00147905020964,-34.95526212381958,-34.90936604579232,-34.86381344131354,-34.81862764015682,-34.773832260129765,-34.72945089031895,-34.68550750164522,-34.64202491860227,-34.599025203140584,-34.55653006816569,-34.5145592089715,-34.47313090970079,-34.4322613255145,-34.39196467426344,-34.3522526343345,-34.31313445167859
-36.169832094354426,-36.119313466921014,-36.068993665018944,-36.01885721988222,-35.968890977077095,-35.91908399849979,-35.869427276511146,-35.81991374411226,-35.770538214348456,-35.72129727434702,-35.6721893826961,-35.62321449919327,-35.574374433043765,-35.5256725844485,-35.47711392216028,-35.428705071904744,-35.38045421227049,-35.332371156562665,-35.28446726079539,-35.23675533170762,-35.189249810597516,-35.141966535566716,-35.0949227166562,-35.048137059925956,-35.00162934722067,-34.9554206242619,-34.909532793903644,-34.863988588045345,-34.81881132766845,-34.77402466183529,-34.72965240180456,-34.68571817089404,-34.64224509940361,-34.59925563542459,-34.55677104407653,-34.51481132730478,-34.473394743781895,-34.432537371501155,-34.39225358900639,-34.352555049711334,-34.31345109273759
-36.17375292289998,-36.1232435720927,-36.07293202299448,-36.02280270149855,-35.972842387025786,-35.92304011843472,-35.873386895210025,-35.82387559024309,-35.774501144824654,-35.72526018933359,-35.67615110923793,-35.6271739762623,-35.578330588617675,-35.52962436869745,-35.48106035912911,-35.43264519151739,-35.384387095180294,-35.336295941893916,-35.28838317586501,-35.24066170207777,-35.19314599609022,-35.14585195829371,-35.098796953894634,-35.051999586670384,-35.00547977648582,-34.959258539945665,-34.91335784318473,-34.867800402624134,-34.822609721920685,-34.77780943073569,-34.73342338070174,-34.68947522322197,-34.64598812492532,-34.60298455499922,-34.5604858088966,-34.51851182707667,-34.477080917681036,-34.4362091805298,-34.39591095371186,-34.35619793593578,-34.3170793652639
-36.171830330755796,-36.12131258512868,-36.070992951759465,-36.02085602274444,-35.970888634526716,-35.9210798490512,-35.87142065610468,-35.82190403118076,-35.77252488897137,-35.72327984341631,-35.67416724880098,-35.62518716818432,-35.576341322666856,-35.52763309327305,-35.479067503184304,-35.43065118513592,-35.38239237466432,-35.33430089165098,-35.286388084223326,-35.23866690068015,-35.19115172141487,-35.143858416404605,-35.09680426232539,-35.05000786226305,-35.00348899717046,-34.95726870191587,-34.91136893438198,-34.865812404605116,-34.82062250061798,-34.775822927786145,-34.73143750494705,-34.687489850306484,-34.64400314898207,-34.60099989654123,-34.558501395057675,-34.516527623081224,-34.47509689361844,-34.434225517445995,-34.39392770614805,-34.35421534179734,-34.315097708136776
-36.17034060937957,-36.11982228928146,-36.069503548737714,-36.01936875021923,-35.969404575670346,-35.919599920487066,-35.869945683954285,-35.820434780358426,-35.7710619755643,-35.72182379631555,-35.67271856513113,-35.62374623681047,-35.574908579604916,-35.526208924607495,-35.47765229661753,-35.42924515854898,-35.380995708375565,-35.33291365080948,-35.285010399746724,-35.237298762315895,-35.18979312263211,-35.142509327842596,-35.09546458096828,-35.04867750387636,-35.00216795164769,-34.955956896250065,-34.91006626121444,-34.8645188108074,-34.819337836119665,-34.77454706174634,-34.73017026350961,-34.68623108938144,-34.64275272310619,-34.59975761777353,-34.55726704198607,-34.51530109645531,-34.473878069653864,-34.43301419018811,-34.39272373764061,-34.35301854776479,-34.313907897465256
-36.17123622245725,-36.12072046729208,-36.07040326679759,-36.02026914112536,-35.9703048652411,-35.92049941620682,-35.87084378491809,-35.821330947218904,-35.771955729663816,-35.72271476642801,-35.67360642813019,-35.62463074397297,-35.57578932258503,-35.52708571178135,-35.478524826953404,-35.43011321684178,-35.38185917346564,-35.333772426872606,-35.285864364822274,-35.238147892051614,-35.19063740520101,-35.1433487499783,-35.096299239791136,-35.04950742863065,-35.00299321253737,-34.95677755814055,-34.910882441135655,-34.86533053362491,-34.82014527152283,-34.77535027463052,-34.73096939563204,-34.687026260074205,-34.64354405409457,-34.60054523949493,-34.55805107291081,-34.51608173866718,-34.474655369066475,-34.43378832619711,-34.39349481692783,-34.353786712160385,-34.31467327014699
-36.171213092671216,-36.12069293392772,-36.070371434168976,-36.020233153455806,-35.97026485100978,-35.9204555519736,-35.870796243257644,-35.82127976200495,-35.77190105266711,-35.72265661430351,-35.67354487882122,-35.62456581586954,-35.57572124333644,-35.52701449696507,-35.4784505951091,-35.4300360525682,-35.381779088895264,-35.33368945483106,-35.28577859535647,-35.2380593671999,-35.19054621953344,-35.143254903270794,-35.096202680112086,-35.04940806798244,-35.00289097288853,-34.95667227691089,-34.910774022010166,-34.865218908093325,-34.82003032138388,-34.77523188998171,-34.73084747016764,-34.686900601644886,-34.64341448457022,-34.600411580508236,-34.55791309754682,-34.51593912882345,-34.47450799196374,-34.43363577508903,-34.39333687758793,-34.35362311141177,-34.31450375976692