-37.4078717392937,-37.34279201662994,-37.27856423371164,-37.215123783673434,-37.15241258772474,-37.09037830715976,-37.02897337588411,-36.96815472245661,-36.907883031441955,-36.84812191853886,-36.78883855690069,-36.730002462021105,-36.671585686972755,-36.613562226364,-36.55590810858281,-36.498600963643185,-36.44162035474543,-36.38494685611321,-36.32856303628181,-36.2724520494831,-36.21659834104402,-36.16098752231245,-36.105605909306256,-36.050440687872374,-35.9954799443878,-35.94071250873192,-35.88612843789718,-35.83171741427389,-35.7774708365759,-35.72337998287277,-35.66943739157774,-35.61563503067183,-35.561965924132565,-35.5084237435774,-35.455002393861335,-35.40169612005785,-35.3484997600456,-35.295408335544174,-35.24241738680096,-35.18952265084433,-35.13672035190255
-37.40897259664848,-37.343878029484905,-37.27963346116561,-37.216174419496376,-37.153443201545805,-37.09138801049378,-37.02996150466611,-36.96912045483896,-36.908825537247445,-36.84904073078069,-36.789733344296046,-36.73087325076917,-36.67243262771958,-36.614385553883395,-36.55670841601843,-36.49937883463761,-36.44237625762796,-36.38568144149823,-36.329276530976486,-36.27314493056771,-36.217271059199525,-36.161640498144415,-36.106239638024505,-36.05105561629847,-35.99607715603933,-35.941292969050224,-35.88669234879381,-35.83226565040814,-35.778003855564144,-35.72389811736338,-35.66994098858347,-35.61612456062095,-35.5624419431056,-35.50888645768027,-35.45545283136876,-35.40213456094627,-35.34892664293958,-35.295824047546716,-35.24282224289879,-35.18991680391971,-35.13710416121467
-37.406690968042966,-37.341626870480475,-37.27741731811739,-37.213997092472454,-37.15130766090424,-37.089296357467504,-37.0279152575299,-36.9671208803906,-36.9068740711951,-36.84713815899177,-36.78788009647529,-36.729069383329616,-36.670677815521046,-36.61267939072828,-36.555049987550255,-36.49776738121399,-36.440810765601626,-36.384160754968185,-36.32779959448287,-36.27171057666591,-36.2158779906138,-36.160287671402195,-36.10492578482135,-36.04977965092224,-35.99483747857146,-35.94008817675048,-35.88552128837412,-35.83112732433644,-35.77689722980467,-35.722822153544705,-35.66889478522751,-35.615107152793136,-35.561452370740305,-35.50792398398576,-35.4545166204361,-35.40122383013633,-35.34804065656687,-35.29496179820039,-35.24198283572023,-35.18909958777636,-35.13630819752131
-37.409707697554744,-37.34461157076478,-37.28036403898274,-37.216900883354995,-37.15416452578521,-37.0921031478549,-37.03066953083147,-36.96982105477722,-36.90951848853435,-36.84972614082282,-36.79041107800262,-36.73154322921058,-36.67309459900786,-36.61503962563729,-36.55735436341752,-36.50001667807968,-36.443006067506694,-36.38630340040441,-36.329890952124586,-36.27375204071981,-36.217871107828934,-36.16223342977491,-36.10682592081734,-36.05163497732676,-35.99664962238988,-35.94185815840852,-35.8872504702081,-35.83281674275856,-35.77854824563822,-35.72443645037745,-35.6704734970315,-35.616651674499224,-35.562963919882584,-35.509403850155145,-35.45596528604961,-35.40264246917669,-35.34943030182768,-35.296323196263046,-35.2433172400591,-35.190407745240066,-35.137591140659296
-37.40655299515199,-37.34148446649501,-37.27727059291429,-37.2138464558845,-37.151153476778425,-37.08913890960324,-37.027755196476704,-36.96695837744627,-36.90670929433596,-36.8469709812052,-36.78771039044482,-36.72889694703733,-36.67050267407207,-36.61250144846011,-36.554869406214905,-36.49758422617431,-36.44062521511859,-36.383972302545175,-36.32761012322909,-36.27151944978155,-36.21568545059865,-36.160093711640705,-36.10473051542742,-36.04958274348196,-35.99463972497191,-35.9398891441671,-35.88532075409594,-35.83092598017315,-35.77669470308484,-35.7226187016337,-35.668690485065305,-35.61490203385965,-35.56124619409865,-35.50771742839662,-35.454308746582875,-35.401014773466834,-35.347830358345576,-35.294750470585114,-35.241770421550925,-35.18888648149729,-35.136094117211066
-37.40881009464888,-37.34370730600502,-37.279454256350185,-37.21598673126809,-37.15324705362833,-37.091183453948304,-37.02974842333295,-36.96889947806014,-36.908596921328474,-36.84880510798154,-36.789491304793046,-36.73062486824271,-36.67217927844208,-36.61412751157475,-36.55644618420932,-36.499112934851794,-36.44210740156594,-36.385409328083846,-36.32900347207724,-36.27287079573267,-36.216996378274196,-36.161365878199845,-36.10596567215223,-36.050782582526736,-35.995805955457136,-35.941023420940596,-35.886424847713045,-35.83200055030455,-35.777742041289216,-35.72363982126666,-35.66968645715934,-35.61587315043608,-35.562195838291004,-35.508645018267714,-35.455216294873665,-35.40190316282375,-35.34870093309132,-35.29560399377032,-35.24260814703157,-35.18970864748776,-35.13690235689015
-37.40695093942772,-37.34189260588763,-37.27768908788751,-37.21427480112081,-37.15159126349092,-37.08958565847813,-37.02821019817528,-36.967421440945905,-36.90717977684223,-36.847448517331046,-36.78819472451973,-36.729387491409284,-36.670998799814804,-36.613002669222325,-36.55537490733066,-36.498093320421226,-36.441137227352236,-36.38448750357967,-36.32812622313645,-36.27203663025416,-36.2162031685228,-36.16061131598565,-36.105247310491684,-36.05009894264764,-35.99515391926388,-35.940401538398866,-35.8858311900282,-35.831433349663776,-35.77719883044269,-35.7231193970232,-35.66918697399413,-35.615394211335705,-35.56173396310817,-35.50819985145672,-35.45478633984648,-35.40148725831935,-35.34829751539865,-35.29521207840447,-35.24222645072307,-35.189336578967904,-35.13653841147969
-37.406811759291855,-37.34179660936757,-37.27763305414875,-37.21425575281909,-37.151606247402235,-37.08963188248456,-37.02828500239345,-36.9675222970221,-36.90730424121152,-36.847594817728776,-36.78836093102722,-36.72957233286849,-36.671200900546346,-36.61322056592656,-36.55560775070667,-36.49833992964639,-36.44139577532874,-36.38475855176669,-36.32840873759111,-36.272329661940624,-36.21650606447485,-36.16092349447728,-36.10556791826669,-36.05042788676288,-35.99549051770555,-35.94074504358882,-35.886181224987176,-35.83178921124696,-35.77756025348146,-35.72348610086525,-35.669558498712085,-35.6157702439803,-35.562114439303286,-35.50858466499482,-35.455174888420245,-35.40187948398078,-35.348693331265956,-35.295610958673365,-35.242628515168576,-35.189741702001584,-35.1369463900164
-37.40919074497716,-37.34403043987143,-37.2797238612912,-37.21620632705191,-37.153419779451106,-37.091312226838205,-37.02983599369774,-36.96894812534619,-36.90860906566878,-36.8487829939489,-36.78943725432169,-36.73054154963302,-36.672067866274034,-36.61399032614841,-36.55628480663707,-36.49892900416263,-36.44190219917037,-36.38518511747078,-36.32875988418363,-36.27260980130997,-36.21671902564359,-36.16107314915902,-36.105658109688534,-36.05046179765276,-35.995471750942556,-35.94067691121277,-35.88606679458241,-35.83163181639285,-35.777362586838564,-35.72325067545324,-35.66928831051588,-35.61546756782483,-35.56178144791011,-35.50822392562755,-35.45478833536221,-35.40146902728075,-35.348260902750376,-35.29515840488075,-35.24215705951807,-35.18925264486907,-35.1364412932654
-37.41824095590053,-37.35283368113849,-37.288297626692255,-37.22456669094718,-37.161581414801034,-37.09928823291125,-37.037638469056795,-36.976588125367776,-36.91609640094972,-36.85612645439943,-36.79664436441023,-36.73761905733579,-36.67902208890143,-36.62082716264582,-36.56300964118526,-36.50554682039497,-36.44841732897967,-36.39160160374503,-36.33508116891954,-36.278839019004444,-36.22285916032531,-36.16712681831618,-36.11162813586254,-36.056350194514614,-36.00128089717213,-35.946409012764086,-35.89172381212975,-35.8372155369668,-35.78287482638252,-35.72869278203391,-35.674661766616474,-35.620773514948795,-35.56702191418394,-35.513399215302094,-35.45990053801409,-35.40651902143509,-35.35324958739352,-35.30008698986303,-35.24702676917614,-35.194064530271376,-35.14119641425066
-37.39534218773445,-37.33064663844176,-37.26678137379267,-37.2036832303706,-37.141295572371185,-37.07956756677974,-37.01845283998836,-36.95790942804889,-36.89789878086895,-36.83838581741862,-36.77933847375545,-36.72072726241191,-36.66252495644874,-36.604706386590564,-36.54724811302866,-36.490128373783044,-36.43332702474896,-36.37682532062237,-36.32060589864074,-36.26465250879334,-36.20895012161718,-36.153484650912624,-36.09824294787392,-36.04321257176586,-35.988381957121575,-35.93374044161176,-35.87927764768073,-35.82498406766493,-35.770850951068475,-35.716870047860105,-35.66303331640634,-35.60933386599712,-35.55576449616998,-35.50231932077993,-35.4489920367037,-35.39577761157201,-35.34267033471767,-35.28966577137574,-35.23675909864431,-35.1839463453903,-35.1312235518866
-37.39704831023355,-37.33234562042406,-37.2684709800279,-37.20536110400563,-37.142960288673606,-37.08121715403152,-37.020085805494084,-36.95952449521093,-36.89949414669385,-36.83996038260215,-36.78089094705802,-36.722256466973796,-36.664029743399496,-36.60618559066893,-36.5487008901502,-36.49155404381248,-36.43472512798063,-36.37819556423286,-36.32194782762094,-36.26596609204834,-36.21023490917135,-36.154740260192234,-36.09946887628854,-36.044408623513554,-35.98954775544153,-35.93487582751074,-35.880382500258534,-35.826058301752724,-35.77189466301437,-35.717883160076376,-35.66401586867022,-35.61028577060503,-35.55668638863203,-35.50321104732388,-35.44985413913496,-35.39661016286952,-35.34347387445397,-35.29044054009071,-35.23750574359602,-35.184665288514346,-35.13191524607077
-37.43038171816635,-37.364486314476316,-37.299497432423,-37.2353457473864,-37.1719693448441,-37.10931247779884,-37.047324220221704,-36.98595858529986,-36.9251731647596,-36.864929395365166,-36.805191945003415,-36.74592849717716,-36.68710911312326,-36.62870644445523,-36.57069466210365,-36.5130501995638,-36.45575084840639,-36.398775983221356,-36.342106668884774,-36.285725046689116,-36.2296146764909,-36.17376025896662,-36.11814725314606,-36.06276235457932,-36.00759269234406,-35.95262640927633,-35.89785245817876,-35.84326052279188,-35.788840897734865,-35.73458470145572,-35.68048342563276,-35.626529330613494,-35.57271501973206,-35.519033668546705,-35.46547804916185,-35.4120436658302,-35.358723536753985,-35.305512833873145,-35.2524069429837,-35.199401056264385,-35.1464910268758
-37.40030329541283,-37.33548584785922,-37.27150620214214,-37.208300301620454,-37.14581084012197,-37.08398631479778,-37.02277970398112,-36.96214864514554,-36.90205395740123,-36.84246030430491,-36.78333532474322,-36.72464929874745,-36.666374650333445,-36.60848598085838,-36.55095988158697,-36.493774463069364,-36.43690934783036,-36.38034561340943,-36.32406585057475,-36.26805365492233,-36.21229355488667,-36.15677208701108,-36.10147533506244,-36.04639091120472,-35.99150730871625,-35.9368136081352,-35.882299716385134,-35.827956250470216,-35.77377403299619,-35.71974533513944,-35.66586162042862,-35.61211598705453,-35.55850145739832,-35.50501184205186,-35.45164087733177,-35.398383249510395,-35.34523381697258,-35.292187469372,-35.23924002647461,-35.18638730786189,-35.13362538336493
-37.418585177938844,-37.35312588792694,-37.28854027073165,-37.224762163349624,-37.16173225953908,-37.09939742248664,-37.03770857199797,-36.97662176141716,-36.916096390232184,-36.85609558528493,-36.79658540778574,-36.737534778131135,-36.67891478357725,-36.6206989980424,-36.56286266382583,-36.505382775515535,-36.448238451338824,-36.39140973975087,-36.334878566125354,-36.278627736110025,-36.22264108395532,-36.16690365827994,-36.11140130501214,-36.05612094550568,-36.00105043302547,-35.94617843539676,-35.89149342155545,-35.83698744463412,-35.78264967464464,-35.728471278801365,-35.674444366606664,-35.620561384210546,-35.566814309046116,-35.51319843500094,-35.45970617700973,-35.40633143106172,-35.353069434225425,-35.2999148392437,-35.24686272249845,-35.1939092718736,-35.141049787724796
-37.39699690019664,-37.332307695596455,-37.26844912542112,-37.205357523717005,-37.14297632331462,-37.0812545059912,-37.02014548758922,-36.9596071981696,-36.899600876728506,-36.8400912479982,-36.781045896622224,-36.72243532327595,-36.6642321489016,-36.60641150381509,-36.54894975028641,-36.49182543684639,-36.435017833190294,-36.378509631062805,-36.32228221067736,-36.26631970511521,-36.21060728812717,-36.155130848685616,-36.09987689262132,-36.04483407124631,-35.98998999032468,-35.935334133349,-35.88085626078853,-35.82654697987215,-35.77239730665645,-35.7183999918961,-35.66454471192954,-35.610827102382444,-35.55723925742112,-35.50377502438467,-35.45042875685541,-35.397194663292204,-35.34406787495412,-35.291043257075515,-35.23811656229199,-35.18528357300975,-35.13254052882152
-37.41555441205814,-37.35019256135859,-37.2856984832696,-37.22200636486612,-37.15905749185578,-37.09679877464276,-37.03518188424075,-36.9741629795112,-36.91370175375973,-36.85376141657302,-36.79430842516773,-36.73531173051518,-36.67674274235478,-36.61857501199545,-36.56078414438206,-36.50334745158252,-36.446243932901226,-36.38945395964381,-36.33295939633338,-36.276742983579716,-36.2207890313555,-36.165082113223804,-36.109610259232475,-36.05435864792716,-35.99931572750231,-35.944470180523126,-35.88981097485313,-35.83532856299038,-35.781014220841044,-35.726858154099155,-35.67285260662081,-35.61898961875504,-35.56526358207934,-35.5116662558457,-35.45819250078343,-35.40483598177184,-35.35159069379894,-35.298452309894664,-35.24541689045445,-35.19247878959949,-35.13963471835469
-37.405310204877956,-37.34031207271314,-37.276176180054016,-37.21283506364303,-37.15022853774626,-37.08830256130051,-37.02700832640065,-36.96630132186923,-36.90614138351813,-36.84649111993575,-36.78731622993765,-36.72858729869791,-36.670274244875834,-36.61235123968765,-36.55479416593724,-36.4975806261654,-36.44068995598035,-36.38410278874338,-36.32780116546953,-36.27176885871348,-36.21598997626734,-36.160450303014464,-36.10513616856433,-36.05003493972732,-35.995134798574774,-35.940424593772946,-35.885894425753946,-35.831534442273885,-35.77733587234374,-35.723290331004236,-35.66938996519059,-35.61562762722055,-35.561996439819126,-35.50848994779307,-35.45510214800682,-35.4018276627687,-35.34866110176121,-35.29559780450504,-35.24263319145561,-35.18976299924602,-35.136983301929206
-37.410704637641146,-37.34553349033232,-37.28120312571827,-37.21765153754465,-37.1548230115328,-37.0926669538243,-37.03113774488955,-36.97019376457342,-36.90979677128465,-36.84991169833687,-36.790506361831504,-36.73155107407458,-36.673018485394664,-36.61488276078326,-36.557120363424204,-36.49970920667484,-36.4426285866043,-36.38585956052695,-36.329384164106024,-36.27318587240568,-36.21724898640266,-36.1615584994151,-36.106102020233614,-36.050865418629556,-35.995836843064694,-35.941005874182856,-35.886361296353776,-35.83189342303565,-35.77759349990356,-35.723452287739924,-35.669461712759016,-35.615614900253895,-35.561904000419254,-35.50832242424276,-35.45486438726776,-35.401523569159636,-35.34829483511466,-35.29517324750058,-35.24215363484968,-35.18923189789227,-35.13640401473028
-37.37855537795125,-37.3144607762933,-37.25121910428943,-37.188757368406925,-37.12701128338748,-37.065923229988414,-37.005441467714654,-36.94551928634244,-36.88611448452341,-36.82718919519648,-36.76870911802804,-36.710643364896335,-36.652963450049135,-36.59564353289498,-36.53865998037657,-36.48199070290364,-36.425615866189005,-36.369517066575014,-36.31367725739699,-36.25808085781646,-36.202713490887234,-36.14756104144687,-36.092613448782764,-36.037856911934924,-35.983281783372206,-35.92887790535754,-35.874636166747756,-35.82054761065556,-35.76660559425419,-35.712801580765515,-35.65912854366298,-35.60558055994745,-35.55215121116624,-35.49883469167093,-35.445626599822106,-35.39252140290099,-35.339515068174904,-35.28660320913063,-35.23378207358838,-35.181047865900084,-35.128397462483385
-37.4316392558649,-37.36571152920149,-37.30063902358906,-37.23636356084002,-37.17283239642773,-37.109997498300345,-37.04781480974564,-36.986243609127165,-36.92524625206896,-36.864788115746926,-36.804836850613306,-36.74536268513612,-36.68633736845444,-36.62773495703554,-36.569530938217795,-36.51170242917316,-36.45422802947425,-36.397087478797495,-36.34026289955773,-36.28373555520664,-36.22748895664325,-36.17150768618563,-36.11577683910997,-36.06028266592818,-36.00501243236711,-35.94995380353608,-35.89509531159029,-35.84042645781729,-35.7859370030068,-35.73161743160279,-35.67746020160621,-35.623455500329925,-35.56959611488715,-35.51587470595729,-35.4622843588615,-35.40881918344193,-35.35547277545285,-35.3022400226697,-35.249115542702924,-35.196098314177064,-35.14317272216411
-37.40174673875741,-37.33686554541134,-37.27282445829914,-37.20955970614198,-37.14701421747069,-37.08513652400995,-37.02387980867792,-36.96320191501205,-36.9030636386664,-36.84342963274595,-36.784267040272624,-36.72554607396451,-36.667238841603265,-36.60931985981425,-36.55176552694843,-36.49455379514128,-36.43766430313397,-36.38107821168015,-36.32477774969172,-36.26874645264928,-36.21296893566497,-36.157430971138254,-36.10211914256908,-36.04702101103258,-35.99212475564953,-35.937419900945095,-35.88289573637146,-35.82854280333706,-35.77435199458348,-35.72031491425065,-35.66642354844627,-35.61267095767983,-35.559049936556995,-35.5055541839914,-35.45217787678728,-35.39891516073693,-35.34576095143625,-35.29271063721776,-35.239759332525765,-35.18690282123196,-35.134137272891955
-37.41440172639663,-37.34910640588917,-37.28467650224904,-37.22104593315643,-37.15815548739296,-37.095952017884656,-37.034387032006784,-36.97341671532745,-36.91300072048267,-36.85310263998217,-36.79368890612844,-36.73472891755993,-36.67619406667317,-36.618058198392816,-36.56029693499743,-36.50288765226256,-36.445807752428976,-36.38904293257462,-36.33256988017052,-36.27637358823226,-36.220438100350165,-36.16474889246111,-36.109291313701135,-36.05405468946949,-35.99902471142263,-35.944190828157474,-35.88954228438356,-35.835069546547025,-35.780762790417974,-35.726614624577714,-35.67261587698747,-35.61875926296344,-35.56503859607279,-35.51144661730307,-35.45797731578781,-35.40462500068756,-35.351384134924416,-35.29824938304118,-35.245216537511055,-35.192281149580985,-35.13943923309864
-37.40616504471968,-37.34115681747643,-37.276995483491966,-37.213617070245625,-37.1509642394698,-37.088985256668366,-37.0276329698649,-36.966864760280224,-36.90663334121449,-36.84692625040777,-36.78768755362142,-36.72889475556631,-36.67051996761967,-36.61253741574738,-36.554923108156835,-36.49765504111629,-36.440712676034344,-36.384076939352205,-36.327729937352,-36.27165486301721,-36.21583597588226,-36.160258851536284,-36.10490973985451,-36.04977621755809,-35.994846239532926,-35.9401092466659,-35.885554474734725,-35.83117228089663,-35.77695346127179,-35.72288974575104,-35.66897273125334,-35.615194432453585,-35.56155120971246,-35.5080329692926,-35.45463479352846,-35.40135126282887,-35.34817680032327,-35.29510679982341,-35.24213668468703,-35.189261952735826,-35.13647857274581
-37.40947913095094,-37.344329164088414,-37.28003641002067,-37.21653538760841,-37.15376724169549,-37.091679261285016,-37.030223356267605,-36.96935583800842,-36.90903724818016,-36.84923095579298,-36.78990392609204,-36.73102557521246,-36.67256782093327,-36.614504363647924,-36.55681143151301,-36.49946656063825,-36.442449131556195,-36.385739894351644,-36.32932088581199,-36.27317549982126,-36.21728811855661,-36.1616443053073,-36.10623045430919,-36.05103372111377,-35.99604270137135,-35.94124560740993,-35.88663215974762,-35.8321928511465,-35.77791849829808,-35.72380067646956,-35.66983165334617,-35.61600384073605,-35.56231031350043,-35.508744386911964,-35.45530014318727,-35.40197177799391,-35.348753971009494,-35.29564198002059,-35.24263129684371,-35.18971746169601,-35.13689641767656
-37.40743038899027,-37.34237252087535,-37.27816295243991,-37.214737062023666,-37.15203732724261,-37.090011981780364,-37.02861390624747,-36.96780021837397,-36.907531659126334,-36.84777236888541,-36.788489538081066,-36.729653095587096,-36.67123539357892,-36.61321084935984,-36.5555557408377,-36.49824792388652,-36.44126674930924,-36.38459305919058,-36.32820897971415,-36.27209790005059,-36.216244188510046,-36.160633364184214,-36.105252009334244,-36.050087126649444,-35.9951272693368,-35.9403615654572,-35.88577897344991,-35.831370497652806,-35.77712627307031,-35.72303865282274,-35.669098722786096,-35.61529931005365,-35.56163343559129,-35.50809450115809,-35.454676149533825,-35.40137307779576,-35.34817986524674,-35.29509137292638,-35.24210327803805,-35.189211220425165,-35.136410868883345
-37.408361733128,-37.3432602229638,-37.27901585527099,-37.215563362511,-37.152844049666555,-37.090805072003995,-37.02939843777869,-36.96858051394872,-36.908311841077484,-36.848554979327,-36.78927752437884,-36.7304485578464,-36.67203974038835,-36.61402499999532,-36.556380057052735,-36.49908229572891,-36.44211105507868,-36.38544692641191,-36.32907209474438,-36.272968871653994,-36.21712430641013,-36.16152113217551,-36.10614663323122,-36.05098801416168,-35.996033639983665,-35.941271897177955,-35.886693555277596,-35.832287812280946,-35.778046048643084,-35.72395955285774,-35.67002047887415,-35.616221039608085,-35.562555060678264,-35.50901543342515,-35.45559640759128,-35.40229228084002,-35.34909803174588,-35.29600872768124,-35.24302001947731,-35.190127264851256,-35.13732676988956
-37.40705203346794,-37.341980250716524,-37.277764744654085,-37.214339374785574,-37.15164549032513,-37.08963018027894,-37.02824543460329,-36.96744745384642,-36.90719663897104,-36.84745625827587,-36.78819326941756,-36.729377064785346,-36.670979510459006,-36.61297456108156,-36.55533817298319,-36.49804800038177,-36.44108164332102,-36.38442493676935,-36.32805496337806,-36.27195670210782,-36.21611443779897,-36.16051395909546,-36.10514070348825,-36.04998487972293,-35.99503174877434,-35.940271869547466,-35.885694216432256,-35.8312893542155,-35.77704762460393,-35.72296178619233,-35.66902283793265,-35.61522373723253,-35.56155734747207,-35.5080173691557,-35.45459764166928,-35.40129310310176,-35.348098019752,-35.29500789096615,-35.242017911424504,-35.18912358733135,-35.13632119970025
-37.408281756005906,-37.343187548006014,-37.278942315424615,-37.215481957967796,-37.15274907550448,-37.09069197862844,-37.02926352936509,-36.96842109784607,-36.90812523500061,-36.848340136498045,-36.78903288555341,-36.73017319847629,-36.67173341079849,-36.613687890414276,-36.55601283670263,-36.49868580628529,-36.4416864976163,-36.384995383281364,-36.32859460877659,-36.27246763206141,-36.21659886560582,-36.16097379377081,-36.10557863535947,-36.050400984202675,-35.99542857347398,-35.94065005317892,-35.88605591042411,-35.831635491354916,-35.7773802289366,-35.723281343045954,-35.669330630872246,-35.615520797326006,-35.561845092138256,-35.50829710388681,-35.45487058370821,-35.40155964734,-35.3483592243313,-35.29526405193134,-35.24226964757861,-35.189371952369044,-35.13656658937454
-37.403468943404214,-37.33853411106243,-37.2744382086362,-37.21111766778001,-37.14851551119742,-37.086580673943196,-37.02526671666884,-36.964531556323216,-36.90433638147251,-36.844646132219026,-36.785428306174644,-36.726653227227736,-36.668293256570415,-36.61030816833741,-36.55271813929791,-36.495458949635,-36.43852316364681,-36.38189193737525,-36.325548282449724,-36.26947568850273,-36.2136584439087,-36.15808317704777,-36.10273592132792,-36.04760363921299,-35.99267509423378,-35.937939202364866,-35.88338538280027,-35.829004614573726,-35.77478749875069,-35.72072538455506,-35.66681065433679,-35.61303565975776,-35.559393602955176,-35.50587812320859,-35.45248315854759,-35.399202894852685,-35.34603230591506,-35.292966457256014,-35.24000068837814,-35.18713074045082,-35.13435263677429
-37.41273903857215,-37.34749420209217,-37.283117000759425,-37.219541066186096,-37.156706659368865,-37.094560179648994,-37.03305267835938,-36.97214008880075,-36.911781711890654,-36.851940706218905,-36.792583395585545,-36.733678787952876,-36.675198301142046,-36.6171155828033,-36.559405993478784,-36.50204690444224,-36.445017077408295,-36.388297039330716,-36.33186862577415,-36.27571500084232,-36.2198202027617,-36.16416978004367,-36.10874981622934,-36.05354738673306,-35.99855056677411,-35.94374821666699,-35.88912971086603,-35.83468583044922,-35.78040696373357,-35.72628467422643,-35.67231087096073,-35.61847789795107,-35.56477876376403,-35.51120705210002,-35.45775673030708,-35.404422061355255,-35.35119788626289,-35.29807893315008,-35.2450608897726,-35.19213963070101,-35.139310826082394
-37.41315907606133,-37.34793742928355,-37.28357494015503,-37.22000526871057,-37.15717169160655,-37.09502128133387,-37.03350612108508,-36.97258285714802,-36.91221155437888,-36.85235601842067,-36.7929831449015,-36.7340624924158,-36.67556584326588,-36.61746387510358,-36.55974222222377,-36.5023684013799,-36.44532483503979,-36.38859220743533,-36.33215228429135,-36.275988292881415,-36.220084592943614,-36.16442660359939,-36.10900055818715,-36.053793652685556,-35.998793827804775,-35.94398986458518,-35.88937106885719,-35.8349275270131,-35.78065033853567,-35.72653067257666,-35.672560347910945,-35.618731921346686,-35.5650384827182,-35.5114735429748,-35.45803087576595,-35.40470448259136,-35.35148926269022,-35.298379904431854,-35.245371732816835,-35.19246066839269,-35.13964239373378
-37.40374123466032,-37.338768918924075,-37.27464385050366,-37.21130128100345,-37.14868321239943,-37.08673752337805,-37.0254168182339,-36.96467821656441,-36.90448245254163,-36.84479352588458,-36.78557865415417,-36.72680696468569,-36.668452228365204,-36.610487322686524,-36.55288872037466,-36.49563431997458,-36.438703566855686,-36.382077282127646,-36.32573784614553,-36.26966886624046,-36.21385470568683,-36.1582813141032,-36.10293504534452,-36.04779860836807,-35.992874046063164,-35.93813659059216,-35.88358049088544,-35.829196168310055,-35.77497465467927,-35.72090751414667,-35.66698706557913,-35.61320587912531,-35.55955680133954,-35.50603417084394,-35.452631079589956,-35.39934252333556,-35.34616308116166,-35.293087681222765,-35.240112061554036,-35.187231961685605,-35.134443488708854
-37.405230458050696,-37.34019968629235,-37.27601471751075,-37.21261180880007,-37.1499338038852,-37.08792908099895,-37.02655073161094,-36.965756065005664,-36.905505842469694,-36.84576451328565,-36.78649939420271,-36.72768052104139,-36.66928001719587,-36.61127213642766,-36.55363287871905,-36.4963403913532,-36.43937418403733,-36.38271518421992,-36.32634540394109,-36.27024822720073,-36.214408055253784,-36.1588105952533,-36.10344220765398,-36.04829030979864,-35.99334314045961,-35.93858950246859,-35.8840186965905,-35.82961551621651,-35.77538926921083,-35.72131242063412,-35.66738336509234,-35.613594719953554,-35.559939248922845,-35.50641120157891,-35.453003616967386,-35.39971132620044,-35.34652877349936,-35.293451274626214,-35.24047412867049,-35.18759327498867,-35.13480442739103
-37.41143060572056,-37.34628401668162,-37.28199772464885,-37.21850620759185,-37.15574999970765,-37.093676026700074,-37.032235631964646,-36.97138523274711,-36.91108400961144,-36.85129604494234,-36.791987560684,-36.73312792657185,-36.67468870123687,-36.61664383365445,-36.55896910753786,-36.501642217426,-36.44464228711101,-36.387950289616285,-36.33154795927648,-36.27541852256354,-36.21954645444529,-36.16391709562835,-36.10851684531804,-36.0533329772704,-35.998352841978466,-35.943567356811776,-35.888964622367965,-35.83453515098047,-35.78026983250183,-35.72616061510337,-35.672198607662295,-35.6183775578551,-35.56468957046287,-35.51112873350034,-35.457688707259074,-35.40436391009366,-35.35114895395024,-35.298039334233316,-35.245030175913996,-35.192117296354645,-35.1392965406795
-37.405983159880805,-37.34092237258553,-37.27671257531781,-37.213289922753766,-37.15059594521636,-37.08857835019283,-37.02718960276034,-36.9663868239713,-36.9061302989424,-36.8463840911631,-36.787115395398395,-36.72829380112644,-36.6698912566879,-36.61188185790685,-36.554241586642775,-36.496948214542826,-36.439981306349125,-36.38332142633196,-36.32695117770493,-36.27085373810727,-36.215013387085335,-36.159415812177805,-36.10404703799168,-36.048894417674624,-35.99394614665078,-35.939190856806306,-35.88461916708552,-35.83022056015781,-35.775986109000485,-35.72190716874316,-35.66797582744982,-35.61418440670689,-35.560526438543086,-35.5069953574849,-35.453585132314934,-35.400290024624304,-35.347104638994615,-35.29402422714788,-35.24104404235722,-35.188160155532856,-35.13536808760035
-37.41187980859669,-37.34675053886912,-37.282475753275065,-37.218990139207804,-37.156235442286906,-37.09415919500372,-37.03271353906992,-36.97185498392663,-36.91154378844229,-36.85174380268695,-36.7924220632548,-36.733548052829356,-36.675093894681666,-36.61703375720438,-36.559343485446135,-36.502000657484025,-36.44498475014074,-36.388276458876845,-36.33185788024726,-36.275712554314765,-36.21982477133223,-36.16418025332062,-36.10876533370458,-36.053567281413656,-35.998573923090795,-35.94377481797623,-35.889158897773164,-35.834716750745166,-35.780439181091275,-35.72631846799274,-35.67234562036271,-35.61851408455151,-35.56481624056063,-35.51124603331168,-35.45779715341608,-35.40446362822935,-35.35124058143956,-35.29812298503387,-35.24510603341002,-35.1921857673507,-35.13935799069026
-37.402172588388005,-37.337178796928804,-37.27303122501838,-37.2096658487929,-37.14702534882819,-37.085057929369434,-37.02371671769381,-36.962959471904476,-36.90274553296987,-36.843040550120364,-36.7838112897017,-36.72502347209192,-36.66666187420493,-36.608688177808766,-36.5510804101749,-36.49382403287407,-36.43689067402275,-36.38026379464107,-36.323925423588825,-36.2678591080535,-36.21204913493429,-36.156481767349455,-36.1011422422799,-36.0460194019489,-35.99110012149076,-35.93637341441974,-35.881822458385535,-35.82745881647378,-35.77325127037498,-35.71919933386832,-35.66529465306318,-35.61152967513595,-35.557898077968545,-35.50439284040332,-35.45100808952039,-35.39773826621965,-35.34457771620605,-35.291521587298,-35.238565374500986,-35.18570518449204,-35.1329364843365
-37.41244039151185,-37.34728549074391,-37.282987645044656,-37.21948130208911,-37.15670762229836,-37.094614055204644,-37.033152518642936,-36.97227987499298,-36.91195612498243,-36.85214512471617,-36.792813623586866,-36.73393100731094,-36.67546895279742,-36.61739777004634,-36.55970441139368,-36.50235533060296,-36.44533350854593,-36.38861974811464,-36.33219613877806,-36.27604596902853,-36.22015361160161,-36.16450467907034,-36.10908501332939,-36.05388325574958,-35.99888607719419,-35.94408281275464,-35.889462955289304,-35.83501686919479,-35.78073538033632,-35.72661055929015,-35.67263395799878,-35.61879822317514,-35.56509631436535,-35.51152227066498,-35.45806944587969,-35.4047324221658,-35.3515058735708,-35.29838454286857,-35.24536390395686,-35.19244011728547,-35.13960873886081
-37.39028373829222,-37.32584486476096,-37.26221694211937,-37.19933852817939,-37.13715445517289,-37.075615168160844,-37.01467554175765,-36.954294661647786,-36.894435007879984,-36.83506234480382,-36.776145267960636,-36.717655131670085,-36.659565235714055,-36.601851088140045,-36.54448978009981,-36.487460175938594,-36.43074271632817,-36.3743191234165,-36.31817242495193,-36.262286959649686,-36.20664754550544,-36.151240873951565,-36.09605387316084,-36.04107402830424,-35.98629012866408,-35.93169200924814,-35.87726936965633,-35.823013098337036,-35.76891466527634,-35.71496587490579,-35.66115919515629,-35.60748760328549,-35.55394402361127,-35.50052283221748,-35.4472180957348,-35.39402426725192,-35.34093637589576,-35.28794973039482,-35.23506009259138,-35.18226306972328,-35.1295550290114
-37.42169347506411,-37.35608729531857,-37.291367354533875,-37.22746600584916,-37.16432275083486,-37.10188313945437,-37.04009765854592,-36.97892115463614,-36.91831280315516,-36.858234432080884,-36.79865183227495,-36.73953324308216,-36.68084967241666,-36.62257404614436,-36.56468159562366,-36.507149102176896,-36.44995497957935,-36.39307935435483,-36.336503545561705,-36.28020930446049,-36.22418294028234,-36.16840686141546,-36.11286809579447,-36.05755353044569,-36.00245040210946,-35.9475469153825,-35.89283372330368,-35.838298789081634,-35.783934013319254,-35.729729604732356,-35.67567828615342,-35.621771321970115,-35.56800230947041,-35.51436376585594,-35.460850022973034,-35.40745477067963,-35.3541729589627,-35.30099932395789,-35.24792918999224,-35.19495804527157,-35.14208174554285
-37.36753405331168,-37.302530686621076,-37.23838652185964,-37.1750391215698,-37.11243212106309,-37.05051439299366,-36.98923907528899,-36.92856332086488,-36.86844777009936,-36.80885623700377,-36.74975556638102,-36.691115280616685,-36.63290677238395,-36.57510363168084,-36.51768126974554,-36.4606163686512,-36.40388773023365,-36.34747533962146,-36.29136037631149,-36.23552548645288,-36.179954421756904,-36.124631908179445,-36.0695435916891,-36.01467595395079,-35.96001649446327,-35.90555333396608,-35.85127540287754,-35.79717281479421,-35.74323545287463,-35.6894547694534,-35.635821918630185,-35.58232896898655,-35.52896852898689,-35.47573409160044,-35.42261917246424,-35.369617428337904,-35.31672388221931,-35.263932923812746,-35.21123979838111,-35.1586400276146,-35.10612935604658
-37.471151408380585,-37.40544360793613,-37.34058331349925,-37.276506260707635,-37.21315482678696,-37.15047725388717,-37.08842658121145,-37.02696028954468,-36.966039686043864,-36.905629261862586,-36.84569682417551,-36.78621272742791,-36.727149554603876,-36.66848228233192,-36.61018751834849,-36.55224390865372,-36.49463105048702,-36.437330261121794,-36.38032409538632,-36.323596204803636,-36.2671313028411,-36.21091542298098,-36.15493530180444,-36.099178521192705,-36.0436340221485,-35.988290725525275,-35.933138357060926,-35.8781675626717,-35.82336944474167,-35.768735554399804,-35.71425814400475,-35.659929846449586,-35.605743805039445,-35.55169351043495,-35.49777292009515,-35.443976126065216,-35.390298220286354,-35.336733835947584,-35.283278431085435,-35.22992779277575,-35.17667797928681
-37.44305590513776,-37.37764198159189,-37.31309222894135,-37.249338550544984,-37.18632019228802,-37.1239826706484,-37.0622766910657,-37.00115748602828,-36.94058473605551,-36.88052134825835,-36.820933785718815,-36.76179080428065,-36.703065645424815,-36.64473094641386,-36.58676347220917,-36.52914092291782,-36.47184306869432,-36.41485069693418,-36.35814645692762,-36.3017139544749,-36.24553798506393,-36.18960431029378,-36.13389973903589,-36.07841199290961,-36.02312958993692,-35.96804188032695,-35.9131387836884,-35.858411045286665,-35.80384982062096,-35.74944690051948,-35.695194586289276,-35.64108575514676,-35.58711367667199,-35.53327211550601,-35.47955510138175,-35.42595724277166,-35.37247329272507,-35.31909852802284,-35.26582830056179,-35.212658563823986,-35.159585360725465
-37.40660050507685,-37.341051805716106,-37.27636692566823,-37.2124838127378,-37.14934765450871,-37.08690810631228,-37.02511902605764,-36.963934115868724,-36.90332766838475,-36.84325109865347,-36.78367598075698,-36.724571569027674,-36.665909487042875,-36.607662769839806,-36.549806875953045,-36.49231848167735,-36.43517617901407,-36.378359650774584,-36.3218506628057,-36.26563089933944,-36.20968394806149,-36.153994390328144,-36.098547600319264,-36.04332984328498,-35.9883284502571,-35.933531104383604,-35.878926560869154,-35.82450433205971,-35.770254630737284,-35.71616818881033,-35.66223646050818,-35.608451381312,-35.554805358574704,-35.50129130012257,-35.4479028040552,-35.39463352211864,-35.34147781273953,-35.28843015830757,-35.235485535555455,-35.18263927593886,-35.12988707546085
-37.40011729026064,-37.334805205937116,-37.270390163815144,-37.20680094695382,-37.14397392415424,-37.08185222621249,-37.02038424436175,-36.95952348260397,-36.89922765487829,-36.839457639784065,-36.78017907048861,-36.721359398404616,-36.662969098068146,-36.60498086850175,-36.547369841454824,-36.490112410891406,-36.43318730260124,-36.37657440229115,-36.32025482515653,-36.26421126147014,-36.20842750820352,-36.15288861083833,-36.09758063409814,-36.04249053487435,-35.98760640937539,-35.932916754645156,-35.87841071139529,-35.82407852306567,-35.76991062707919,-35.715898306234244,-35.662033478881206,-35.60830857053213,-35.55471654275611,-35.50125082036647,-35.44790524482898,-35.39467396977537,-35.341551770048675,-35.28853358378829,-35.23561465879389,-35.18279077375962,-35.130057889033125
-37.45624534290896,-37.39074143878523,-37.32604806273455,-37.26210958130678,-37.198874738543246,-37.13629737456408,-37.074334804752496,-37.01294951146628,-36.95210407013185,-36.8917667290466,-36.83190621571469,-36.77249430849347,-36.71350441293935,-36.654912371442244,-36.59669515637942,-36.53883155321643,-36.48130159963812,-36.42408680662165,-36.36716974055972,-36.31053419370723,-36.25416494433053,-36.19804775665125,-36.142169241476424,-36.08651691125115,-36.031078639722146,-35.97584368994497,-35.92080122834235,-35.86594171192186,-35.81125601536451,-35.756735499815136,-35.70237205006183,-35.64815824861849,-35.59408687048707,-35.54015151159178,-35.48634595090465,-35.43266424140457,-35.379101115638896,-35.325651188285484,-35.2723096251424,-35.21907204123163,-35.1659342939294
-37.411115320104784,-37.34606885660336,-37.281867260193785,-37.21844677238582,-37.15575020579276,-37.09372592090491,-37.03232701706069,-36.971510832284736,-36.91123816364439,-36.85147331050787,-36.79218374078151,-36.7333391497049,-36.674911635201404,-36.61687562172139,-36.55920715882065,-36.50188424544521,-36.44488619207027,-36.388194201911794,-36.3317902600617,-36.27565745733765,-36.21978144727456,-36.164146942594925,-36.108740682231534,-36.053549843589515,-35.99856289259796,-35.94376858052118,-35.88915709803591,-35.83471840175499,-35.780443754792884,-35.72632459348066,-35.67235300665642,-35.618521615755924,-35.564823663266715,-35.51125229156718,-35.45780210276489,-35.40446722762878,-35.351242353374154,-35.29812260999168,-35.24510355023848,-35.19218087194832,-35.13935083000812
-37.40249914486384,-37.3373948729803,-37.27315533154818,-37.20971292657493,-37.14700810063312,-37.084986753859006,-37.02360040293325,-36.962805046400824,-36.902560056060274,-36.842828835464886,-36.78357784574272,-36.72477638776366,-36.66639609021922,-36.60841097583373,-36.55079673719924,-36.49353086790882,-36.436592453267856,-36.37996214605266,-36.323621810200635,-36.26755480491941,-36.21174538579839,-36.156179001098096,-36.10084199783579,-36.04572154512903,-35.99080591415333,-35.93608386522211,-35.88154481239695,-35.82717920938867,-35.77297718772812,-35.71893157211842,-35.665033313461755,-35.61127490574292,-35.55764975268538,-35.504150902266844,-35.45077265543327,-35.397509134346336,-35.34435552499627,-35.291305741359984,-35.2383566993798,-35.185502638580985,-35.132740547024596
-37.412038058355094,-37.34687137250007,-37.28256462094502,-37.219052087392164,-37.15627469414558,-37.09417958073476,-37.032718399557915,-36.971847524733136,-36.91152678812623,-36.8517196872427,-36.79239275483572,-36.733515270061105,-36.67505888781753,-36.6169974695744,-36.55930687057596,-36.501964381401145,-36.44494911654738,-36.38824181750572,-36.33182454279487,-36.27568065359078,-36.21979430978903,-36.164150666185904,-36.10873778941609,-36.05354113588673,-35.99854945460057,-35.94375161334598,-35.889137147701184,-35.8346961230088,-35.7804202030283,-35.72629986633978,-35.67232811687538,-35.61849678908182,-35.5647991731774,-35.511228830729316,-35.45777966910717,-35.40444610476337,-35.3512226962842,-35.29810493561936,-35.24508785253628,-35.192167367931454,-35.13933946297362
-37.40575857455499,-37.34072300803269,-37.27653574408076,-37.21313230183343,-37.15045503765371,-37.08845204350382,-37.027076097076026,-36.966284220098295,-36.90603770727486,-36.84630018500557,-36.78703895569954,-36.72822398752154,-36.6698273644434,-36.611823488910964,-36.55418825745272,-36.49689963196019,-36.43993689137593,-36.383280977911056,-36.32691382672273,-36.27081932872928,-36.21498224974631,-36.15938743013777,-36.104021523360785,-36.048871780872744,-35.993926192706375,-35.93917377200544,-35.88460455044605,-35.83020836942066,-35.77597646449675,-35.72190025438367,-35.667971704780896,-35.61418339912793,-35.560528594273435,-35.507000504803656,-35.45359323715133,-35.40030085339581,-35.34711821744197,-35.294040262582676,-35.241062383808696,-35.18818048815975,-35.135390393493985
