2.300000000000000000e+01,1.000000000000000062e-09,1.000000000000000000e+00,4.121112000000000108e+00,0.000000000000000000e+00,-1.733900000000000025e-02
2.300000000000000000e+01,2.999999999999999980e-09,1.000000000000000000e+00,3.669287000000000187e+00,0.000000000000000000e+00,-1.628900000000000139e-02
2.300000000000000000e+01,1.000000000000000021e-08,1.000000000000000000e+00,3.270610000000000017e+00,0.000000000000000000e+00,-1.485099999999999962e-02
2.300000000000000000e+01,3.200000000000000199e-08,1.000000000000000000e+00,2.921628000000000114e+00,0.000000000000000000e+00,-1.298099999999999948e-02
2.300000000000000000e+01,9.999999999999999547e-08,1.000000000000000000e+00,2.618898000000000170e+00,0.000000000000000000e+00,-1.063599999999999962e-02
2.300000000000000000e+01,3.160000000000000238e-07,1.000000000000000000e+00,2.359008000000000216e+00,0.000000000000000000e+00,-7.769999999999999997e-03
2.300000000000000000e+01,9.999999999999999547e-07,1.000000000000000000e+00,2.138703000000000021e+00,0.000000000000000000e+00,-4.328000000000000250e-03
2.300000000000000000e+01,3.161999999999999965e-06,1.000000000000000000e+00,1.955071000000000003e+00,0.000000000000000000e+00,-2.380000000000000117e-04
2.300000000000000000e+01,1.000000000000000082e-05,1.000000000000000000e+00,1.805423000000000000e+00,0.000000000000000000e+00,4.608000000000000117e-03
2.300000000000000000e+01,3.162299999999999860e-05,1.000000000000000000e+00,1.686803999999999970e+00,0.000000000000000000e+00,1.042399999999999924e-02
2.300000000000000000e+01,1.000000000000000048e-04,1.000000000000000000e+00,1.595034000000000063e+00,0.000000000000000000e+00,1.773399999999999976e-02
2.300000000000000000e+01,3.162279999999999952e-04,1.000000000000000000e+00,1.523084000000000104e+00,0.000000000000000000e+00,2.794299999999999909e-02
2.300000000000000000e+01,1.000000000000000021e-03,1.000000000000000000e+00,1.459386999999999990e+00,0.000000000000000000e+00,4.493899999999999978e-02
2.300000000000000000e+01,3.162278000000000137e-03,1.000000000000000000e+00,1.389056999999999986e+00,0.000000000000000000e+00,7.927299999999999625e-02
2.300000000000000000e+01,1.000000000000000021e-02,1.000000000000000000e+00,1.304532000000000025e+00,0.000000000000000000e+00,1.577989999999999948e-01
2.300000000000000000e+01,3.162277899999999670e-02,1.000000000000000000e+00,1.224196000000000062e+00,0.000000000000000000e+00,3.364489999999999981e-01
2.300000000000000000e+01,1.000000010000000050e-01,1.000000000000000000e+00,1.138824000000000058e+00,0.000000000000000000e+00,6.432949999999999502e-01
2.300000000000000000e+01,3.162277640000000223e-01,1.000000000000000000e+00,6.685290000000000399e-01,0.000000000000000000e+00,5.974009999999999598e-01
2.300000000000000000e+01,1.000000000000000062e-09,3.161999999999999922e+00,1.580882599999999982e+01,0.000000000000000000e+00,7.431599999999999318e-02
2.300000000000000000e+01,2.999999999999999980e-09,3.161999999999999922e+00,1.380918999999999919e+01,0.000000000000000000e+00,8.853099999999999858e-02
2.300000000000000000e+01,1.000000000000000021e-08,3.161999999999999922e+00,1.203360499999999966e+01,0.000000000000000000e+00,1.000849999999999934e-01
2.300000000000000000e+01,3.200000000000000199e-08,3.161999999999999922e+00,1.046201199999999965e+01,0.000000000000000000e+00,1.092619999999999980e-01
2.300000000000000000e+01,9.999999999999999547e-08,3.161999999999999922e+00,9.074581999999999482e+00,0.000000000000000000e+00,1.163440000000000030e-01
2.300000000000000000e+01,3.160000000000000238e-07,3.161999999999999922e+00,7.851911000000000307e+00,0.000000000000000000e+00,1.216099999999999959e-01
2.300000000000000000e+01,9.999999999999999547e-07,3.161999999999999922e+00,6.775616999999999557e+00,0.000000000000000000e+00,1.253309999999999980e-01
2.300000000000000000e+01,3.161999999999999965e-06,3.161999999999999922e+00,5.829114999999999824e+00,0.000000000000000000e+00,1.277820000000000067e-01
2.300000000000000000e+01,1.000000000000000082e-05,3.161999999999999922e+00,4.997570999999999763e+00,0.000000000000000000e+00,1.293009999999999993e-01
2.300000000000000000e+01,3.162299999999999860e-05,3.161999999999999922e+00,4.267631999999999870e+00,0.000000000000000000e+00,1.304180000000000061e-01
2.300000000000000000e+01,1.000000000000000048e-04,3.161999999999999922e+00,3.627194999999999947e+00,0.000000000000000000e+00,1.321710000000000107e-01
2.300000000000000000e+01,3.162279999999999952e-04,3.161999999999999922e+00,3.065263999999999989e+00,0.000000000000000000e+00,1.368679999999999897e-01
2.300000000000000000e+01,1.000000000000000021e-03,3.161999999999999922e+00,2.572213000000000083e+00,0.000000000000000000e+00,1.498970000000000025e-01
2.300000000000000000e+01,3.162278000000000137e-03,3.161999999999999922e+00,2.141277999999999793e+00,0.000000000000000000e+00,1.837640000000000107e-01
2.300000000000000000e+01,1.000000000000000021e-02,3.161999999999999922e+00,1.772008999999999945e+00,0.000000000000000000e+00,2.654750000000000165e-01
2.300000000000000000e+01,3.162277899999999670e-02,3.161999999999999922e+00,1.468237000000000014e+00,0.000000000000000000e+00,4.382820000000000049e-01
2.300000000000000000e+01,1.000000010000000050e-01,3.161999999999999922e+00,1.172603000000000062e+00,0.000000000000000000e+00,6.754740000000000189e-01
2.300000000000000000e+01,3.162277640000000223e-01,3.161999999999999922e+00,5.481960000000000166e-01,0.000000000000000000e+00,4.885039999999999938e-01
2.300000000000000000e+01,1.000000000000000062e-09,1.000000000000000000e+01,5.494516099999999881e+01,0.000000000000000000e+00,-6.505030000000000534e-01
2.300000000000000000e+01,2.999999999999999980e-09,1.000000000000000000e+01,4.580993999999999744e+01,0.000000000000000000e+00,-4.747759999999999758e-01
2.300000000000000000e+01,1.000000000000000021e-08,1.000000000000000000e+01,3.798261600000000016e+01,0.000000000000000000e+00,-3.285640000000000227e-01
2.300000000000000000e+01,3.200000000000000199e-08,1.000000000000000000e+01,3.132209699999999941e+01,0.000000000000000000e+00,-2.086060000000000136e-01
2.300000000000000000e+01,9.999999999999999547e-08,1.000000000000000000e+01,2.568979699999999866e+01,0.000000000000000000e+00,-1.116420000000000051e-01
2.300000000000000000e+01,3.160000000000000238e-07,1.000000000000000000e+01,2.095156899999999922e+01,0.000000000000000000e+00,-3.441299999999999915e-02
2.300000000000000000e+01,9.999999999999999547e-07,1.000000000000000000e+01,1.698166700000000162e+01,0.000000000000000000e+00,2.619600000000000053e-02
2.300000000000000000e+01,3.161999999999999965e-06,1.000000000000000000e+01,1.366924900000000065e+01,0.000000000000000000e+00,7.296999999999999320e-02
2.300000000000000000e+01,1.000000000000000082e-05,1.000000000000000000e+01,1.091800699999999935e+01,0.000000000000000000e+00,1.084399999999999947e-01
2.300000000000000000e+01,3.162299999999999860e-05,1.000000000000000000e+01,8.644432000000000116e+00,0.000000000000000000e+00,1.350989999999999969e-01
2.300000000000000000e+01,1.000000000000000048e-04,1.000000000000000000e+01,6.776379999999999626e+00,0.000000000000000000e+00,1.558150000000000091e-01
2.300000000000000000e+01,3.162279999999999952e-04,1.000000000000000000e+01,5.251974999999999838e+00,0.000000000000000000e+00,1.747209999999999874e-01
2.300000000000000000e+01,1.000000000000000021e-03,1.000000000000000000e+01,4.019026000000000209e+00,0.000000000000000000e+00,1.991259999999999974e-01
2.300000000000000000e+01,3.162278000000000137e-03,1.000000000000000000e+01,3.035267999999999855e+00,0.000000000000000000e+00,2.433029999999999915e-01
2.300000000000000000e+01,1.000000000000000021e-02,1.000000000000000000e+01,2.268857000000000124e+00,0.000000000000000000e+00,3.339360000000000106e-01
2.300000000000000000e+01,3.162277899999999670e-02,1.000000000000000000e+01,1.689599999999999991e+00,0.000000000000000000e+00,5.041849999999999943e-01
2.300000000000000000e+01,1.000000010000000050e-01,1.000000000000000000e+01,1.198895000000000044e+00,0.000000000000000000e+00,6.933510000000000506e-01
2.300000000000000000e+01,3.162277640000000223e-01,1.000000000000000000e+01,4.811889999999999779e-01,0.000000000000000000e+00,4.291409999999999947e-01
2.300000000000000000e+01,1.000000000000000062e-09,3.162300000000000111e+01,1.278675000000000068e+02,0.000000000000000000e+00,-3.933240000000000069e-01
2.300000000000000000e+01,2.999999999999999980e-09,3.162300000000000111e+01,1.032337019999999939e+02,0.000000000000000000e+00,-2.222459999999999991e-01
2.300000000000000000e+01,1.000000000000000021e-08,3.162300000000000111e+01,8.269130300000000489e+01,0.000000000000000000e+00,-8.615200000000000635e-02
2.300000000000000000e+01,3.200000000000000199e-08,3.162300000000000111e+01,6.573462499999999409e+01,0.000000000000000000e+00,1.937399999999999886e-02
2.300000000000000000e+01,9.999999999999999547e-08,3.162300000000000111e+01,5.186971100000000234e+01,0.000000000000000000e+00,9.875000000000000444e-02
2.300000000000000000e+01,3.160000000000000238e-07,3.162300000000000111e+01,4.062300499999999914e+01,0.000000000000000000e+00,1.563859999999999972e-01
2.300000000000000000e+01,9.999999999999999547e-07,3.162300000000000111e+01,3.155560099999999935e+01,0.000000000000000000e+00,1.964920000000000000e-01
2.300000000000000000e+01,3.161999999999999965e-06,3.162300000000000111e+01,2.428973799999999983e+01,0.000000000000000000e+00,2.227389999999999926e-01
2.300000000000000000e+01,1.000000000000000082e-05,3.162300000000000111e+01,1.850678900000000127e+01,0.000000000000000000e+00,2.383560000000000123e-01
2.300000000000000000e+01,3.162299999999999860e-05,3.162300000000000111e+01,1.393888600000000011e+01,0.000000000000000000e+00,2.464139999999999942e-01
2.300000000000000000e+01,1.000000000000000048e-04,3.162300000000000111e+01,1.036178100000000057e+01,0.000000000000000000e+00,2.503150000000000097e-01
2.300000000000000000e+01,3.162279999999999952e-04,3.162300000000000111e+01,7.588822000000000401e+00,0.000000000000000000e+00,2.547809999999999797e-01
2.300000000000000000e+01,1.000000000000000021e-03,3.162300000000000111e+01,5.466042999999999985e+00,0.000000000000000000e+00,2.677869999999999973e-01
2.300000000000000000e+01,3.162278000000000137e-03,3.162300000000000111e+01,3.868290000000000006e+00,0.000000000000000000e+00,3.040550000000000197e-01
2.300000000000000000e+01,1.000000000000000021e-02,3.162300000000000111e+01,2.695161000000000140e+00,0.000000000000000000e+00,3.888190000000000257e-01
2.300000000000000000e+01,3.162277899999999670e-02,3.162300000000000111e+01,1.856616999999999962e+00,0.000000000000000000e+00,5.463860000000000383e-01
2.300000000000000000e+01,1.000000010000000050e-01,3.162300000000000111e+01,1.203300000000000036e+00,0.000000000000000000e+00,6.934700000000000308e-01
2.300000000000000000e+01,3.162277640000000223e-01,3.162300000000000111e+01,4.298850000000000171e-01,0.000000000000000000e+00,3.842679999999999985e-01
2.300000000000000000e+01,1.000000000000000062e-09,1.000000000000000000e+02,2.381166599999999960e+02,0.000000000000000000e+00,1.920669999999999877e-01
2.300000000000000000e+01,2.999999999999999980e-09,1.000000000000000000e+02,1.877658500000000004e+02,0.000000000000000000e+00,2.684250000000000247e-01
2.300000000000000000e+01,1.000000000000000021e-08,1.000000000000000000e+02,1.466103410000000054e+02,0.000000000000000000e+00,3.221669999999999812e-01
2.300000000000000000e+01,3.200000000000000199e-08,1.000000000000000000e+02,1.134056379999999962e+02,0.000000000000000000e+00,3.566150000000000153e-01
2.300000000000000000e+01,9.999999999999999547e-08,1.000000000000000000e+02,8.694152800000000525e+01,0.000000000000000000e+00,3.750899999999999790e-01
2.300000000000000000e+01,3.160000000000000238e-07,1.000000000000000000e+02,6.606704999999999472e+01,0.000000000000000000e+00,3.809100000000000263e-01
2.300000000000000000e+01,9.999999999999999547e-07,1.000000000000000000e+02,4.972678799999999910e+01,0.000000000000000000e+00,3.772380000000000178e-01
2.300000000000000000e+01,3.161999999999999965e-06,1.000000000000000000e+02,3.703129400000000260e+01,0.000000000000000000e+00,3.667960000000000109e-01
2.300000000000000000e+01,1.000000000000000082e-05,1.000000000000000000e+02,2.724933800000000161e+01,0.000000000000000000e+00,3.519689999999999763e-01
2.300000000000000000e+01,3.162299999999999860e-05,1.000000000000000000e+02,1.978232099999999960e+01,0.000000000000000000e+00,3.351080000000000170e-01
2.300000000000000000e+01,1.000000000000000048e-04,1.000000000000000000e+02,1.414263099999999973e+01,0.000000000000000000e+00,3.190609999999999835e-01
2.300000000000000000e+01,3.162279999999999952e-04,1.000000000000000000e+02,9.935422000000000864e+00,0.000000000000000000e+00,3.081880000000000175e-01
2.300000000000000000e+01,1.000000000000000021e-03,1.000000000000000000e+02,6.843390000000000306e+00,0.000000000000000000e+00,3.102860000000000062e-01
2.300000000000000000e+01,3.162278000000000137e-03,1.000000000000000000e+02,4.614052000000000042e+00,0.000000000000000000e+00,3.397430000000000172e-01
2.300000000000000000e+01,1.000000000000000021e-02,1.000000000000000000e+02,3.047781000000000073e+00,0.000000000000000000e+00,4.198569999999999802e-01
2.300000000000000000e+01,3.162277899999999670e-02,1.000000000000000000e+02,1.976237000000000021e+00,0.000000000000000000e+00,5.671410000000000062e-01
2.300000000000000000e+01,1.000000010000000050e-01,1.000000000000000000e+02,1.192264999999999908e+00,0.000000000000000000e+00,6.820089999999999764e-01
2.300000000000000000e+01,3.162277640000000223e-01,1.000000000000000000e+02,3.877530000000000143e-01,0.000000000000000000e+00,3.468459999999999877e-01
2.300000000000000000e+01,1.000000000000000062e-09,3.162280000000000086e+02,3.873257750000000215e+02,0.000000000000000000e+00,6.467389999999999528e-01
2.300000000000000000e+01,2.999999999999999980e-09,3.162280000000000086e+02,2.998776379999999904e+02,0.000000000000000000e+00,6.351470000000000171e-01
2.300000000000000000e+01,1.000000000000000021e-08,3.162280000000000086e+02,2.295003450000000100e+02,0.000000000000000000e+00,6.151290000000000369e-01
2.300000000000000000e+01,3.200000000000000199e-08,3.162280000000000086e+02,1.737289120000000082e+02,0.000000000000000000e+00,5.884350000000000414e-01
2.300000000000000000e+01,9.999999999999999547e-08,3.162280000000000086e+02,1.301752879999999948e+02,0.000000000000000000e+00,5.568130000000000024e-01
2.300000000000000000e+01,3.160000000000000238e-07,3.162280000000000086e+02,9.658348499999999603e+01,0.000000000000000000e+00,5.220099999999999740e-01
2.300000000000000000e+01,9.999999999999999547e-07,3.162280000000000086e+02,7.090374300000000574e+01,0.000000000000000000e+00,4.856630000000000114e-01
2.300000000000000000e+01,3.161999999999999965e-06,3.162280000000000086e+02,5.143950900000000104e+01,0.000000000000000000e+00,4.491680000000000117e-01
2.300000000000000000e+01,1.000000000000000082e-05,3.162280000000000086e+02,3.682595599999999791e+01,0.000000000000000000e+00,4.138060000000000072e-01
2.300000000000000000e+01,3.162299999999999860e-05,3.162280000000000086e+02,2.597071199999999891e+01,0.000000000000000000e+00,3.810379999999999878e-01
2.300000000000000000e+01,1.000000000000000048e-04,3.162280000000000086e+02,1.800447000000000131e+01,0.000000000000000000e+00,3.530400000000000205e-01
2.300000000000000000e+01,3.162279999999999952e-04,3.162280000000000086e+02,1.223997400000000013e+01,0.000000000000000000e+00,3.337319999999999731e-01
2.300000000000000000e+01,1.000000000000000021e-03,3.162280000000000086e+02,8.138109000000000037e+00,0.000000000000000000e+00,3.306490000000000262e-01
2.300000000000000000e+01,3.162278000000000137e-03,3.162280000000000086e+02,5.279836000000000418e+00,0.000000000000000000e+00,3.577600000000000224e-01
2.300000000000000000e+01,1.000000000000000021e-02,3.162280000000000086e+02,3.341520000000000046e+00,0.000000000000000000e+00,4.364999999999999991e-01
2.300000000000000000e+01,3.162277899999999670e-02,3.162280000000000086e+02,2.062965999999999855e+00,0.000000000000000000e+00,5.766879999999999784e-01
2.300000000000000000e+01,1.000000010000000050e-01,3.162280000000000086e+02,1.173834000000000044e+00,0.000000000000000000e+00,6.665520000000000334e-01
2.300000000000000000e+01,3.162277640000000223e-01,3.162280000000000086e+02,3.530429999999999957e-01,0.000000000000000000e+00,3.158030000000000004e-01
2.300000000000000000e+01,1.000000000000000062e-09,1.000000000000000000e+03,5.760960350000000290e+02,0.000000000000000000e+00,9.066340000000000510e-01
2.300000000000000000e+01,2.999999999999999980e-09,1.000000000000000000e+03,4.394556539999999814e+02,0.000000000000000000e+00,8.398820000000000174e-01
2.300000000000000000e+01,1.000000000000000021e-08,1.000000000000000000e+03,3.308532589999999800e+02,0.000000000000000000e+00,7.744170000000000220e-01
2.300000000000000000e+01,3.200000000000000199e-08,1.000000000000000000e+03,2.460383209999999963e+02,0.000000000000000000e+00,7.108370000000000521e-01
2.300000000000000000e+01,9.999999999999999547e-08,1.000000000000000000e+03,1.809056950000000086e+02,0.000000000000000000e+00,6.497389999999999555e-01
2.300000000000000000e+01,3.160000000000000238e-07,1.000000000000000000e+03,1.315986069999999870e+02,0.000000000000000000e+00,5.917189999999999950e-01
2.300000000000000000e+01,9.999999999999999547e-07,1.000000000000000000e+03,9.464013099999999667e+01,0.000000000000000000e+00,5.373010000000000286e-01
2.300000000000000000e+01,3.161999999999999965e-06,1.000000000000000000e+03,6.719667499999999905e+01,0.000000000000000000e+00,4.868890000000000162e-01
2.300000000000000000e+01,1.000000000000000082e-05,1.000000000000000000e+03,4.703062400000000309e+01,0.000000000000000000e+00,4.409770000000000079e-01
2.300000000000000000e+01,3.162299999999999860e-05,1.000000000000000000e+03,3.238527299999999798e+01,0.000000000000000000e+00,4.004210000000000269e-01
2.300000000000000000e+01,1.000000000000000048e-04,1.000000000000000000e+03,2.189038899999999899e+01,0.000000000000000000e+00,3.669810000000000016e-01
2.300000000000000000e+01,3.162279999999999952e-04,1.000000000000000000e+03,1.448495999999999917e+01,0.000000000000000000e+00,3.443379999999999774e-01
2.300000000000000000e+01,1.000000000000000021e-03,1.000000000000000000e+03,9.354267000000000110e+00,0.000000000000000000e+00,3.399150000000000227e-01
2.300000000000000000e+01,3.162278000000000137e-03,1.000000000000000000e+03,5.878676999999999708e+00,0.000000000000000000e+00,3.673660000000000259e-01
2.300000000000000000e+01,1.000000000000000021e-02,1.000000000000000000e+03,3.590511999999999926e+00,0.000000000000000000e+00,4.464650000000000007e-01
2.300000000000000000e+01,3.162277899999999670e-02,1.000000000000000000e+03,2.127620999999999984e+00,0.000000000000000000e+00,5.812549999999999661e-01
2.300000000000000000e+01,1.000000010000000050e-01,1.000000000000000000e+03,1.152600999999999987e+00,0.000000000000000000e+00,6.506450000000000289e-01
2.300000000000000000e+01,3.162277640000000223e-01,1.000000000000000000e+03,3.242889999999999939e-01,0.000000000000000000e+00,2.900659999999999905e-01
2.300000000000000000e+01,1.000000000000000062e-09,3.162277999999999793e+03,8.043744920000000320e+02,0.000000000000000000e+00,1.031857999999999942e+00
2.300000000000000000e+01,2.999999999999999980e-09,3.162277999999999793e+03,6.060350580000000491e+02,0.000000000000000000e+00,9.371089999999999698e-01
2.300000000000000000e+01,1.000000000000000021e-08,3.162277999999999793e+03,4.500159429999999929e+02,0.000000000000000000e+00,8.485920000000000130e-01
2.300000000000000000e+01,3.200000000000000199e-08,3.162277999999999793e+03,3.296521720000000073e+02,0.000000000000000000e+00,7.663919999999999622e-01
2.300000000000000000e+01,9.999999999999999547e-08,3.162277999999999793e+03,2.385231379999999888e+02,0.000000000000000000e+00,6.905959999999999877e-01
2.300000000000000000e+01,3.160000000000000238e-07,3.162277999999999793e+03,1.706241760000000056e+02,0.000000000000000000e+00,6.212769999999999682e-01
2.300000000000000000e+01,9.999999999999999547e-07,3.162277999999999793e+03,1.205782880000000006e+02,0.000000000000000000e+00,5.583099999999999730e-01
2.300000000000000000e+01,3.161999999999999965e-06,3.162277999999999793e+03,8.406216600000000483e+01,0.000000000000000000e+00,5.015290000000000026e-01
2.300000000000000000e+01,1.000000000000000082e-05,3.162277999999999793e+03,5.771637900000000343e+01,0.000000000000000000e+00,4.509880000000000000e-01
2.300000000000000000e+01,3.162299999999999860e-05,3.162277999999999793e+03,3.894735000000000014e+01,0.000000000000000000e+00,4.072350000000000136e-01
2.300000000000000000e+01,1.000000000000000048e-04,3.162277999999999793e+03,2.576705899999999971e+01,0.000000000000000000e+00,3.718469999999999831e-01
2.300000000000000000e+01,3.162279999999999952e-04,3.162277999999999793e+03,1.666380799999999951e+01,0.000000000000000000e+00,3.484550000000000147e-01
2.300000000000000000e+01,1.000000000000000021e-03,3.162277999999999793e+03,1.049848000000000070e+01,0.000000000000000000e+00,3.444920000000000204e-01
2.300000000000000000e+01,3.162278000000000137e-03,3.162277999999999793e+03,6.421466999999999814e+00,0.000000000000000000e+00,3.733859999999999957e-01
2.300000000000000000e+01,1.000000000000000021e-02,3.162277999999999793e+03,3.804821000000000009e+00,0.000000000000000000e+00,4.534079999999999777e-01
2.300000000000000000e+01,3.162277899999999670e-02,3.162277999999999793e+03,2.176905000000000090e+00,0.000000000000000000e+00,5.835460000000000091e-01
2.300000000000000000e+01,1.000000010000000050e-01,3.162277999999999793e+03,1.130668999999999924e+00,0.000000000000000000e+00,6.354520000000000168e-01
2.300000000000000000e+01,3.162277640000000223e-01,3.162277999999999793e+03,3.001809999999999756e-01,0.000000000000000000e+00,2.685069999999999957e-01
2.300000000000000000e+01,1.000000000000000062e-09,1.000000000000000000e+04,1.071619069999999965e+03,0.000000000000000000e+00,1.090559000000000056e+00
2.300000000000000000e+01,2.999999999999999980e-09,1.000000000000000000e+04,7.989040220000000545e+02,0.000000000000000000e+00,9.801469999999999905e-01
2.300000000000000000e+01,1.000000000000000021e-08,1.000000000000000000e+04,5.862457460000000538e+02,0.000000000000000000e+00,8.796169999999999822e-01
2.300000000000000000e+01,3.200000000000000199e-08,1.000000000000000000e+04,4.238912670000000276e+02,0.000000000000000000e+00,7.884139999999999482e-01
2.300000000000000000e+01,9.999999999999999547e-08,1.000000000000000000e+04,3.024654390000000035e+02,0.000000000000000000e+00,7.059839999999999449e-01
2.300000000000000000e+01,3.160000000000000238e-07,1.000000000000000000e+04,2.132341040000000021e+02,0.000000000000000000e+00,6.317700000000000538e-01
2.300000000000000000e+01,9.999999999999999547e-07,1.000000000000000000e+04,1.484202699999999879e+02,0.000000000000000000e+00,5.652160000000000517e-01
2.300000000000000000e+01,3.161999999999999965e-06,1.000000000000000000e+04,1.018441360000000060e+02,0.000000000000000000e+00,5.058759999999999923e-01
2.300000000000000000e+01,1.000000000000000082e-05,1.000000000000000000e+04,6.877133200000000102e+01,0.000000000000000000e+00,4.536009999999999764e-01
2.300000000000000000e+01,3.162299999999999860e-05,1.000000000000000000e+04,4.560034300000000229e+01,0.000000000000000000e+00,4.088160000000000127e-01
2.300000000000000000e+01,1.000000000000000048e-04,1.000000000000000000e+04,2.961266300000000129e+01,0.000000000000000000e+00,3.730629999999999780e-01
2.300000000000000000e+01,3.162279999999999952e-04,1.000000000000000000e+04,1.877401100000000156e+01,0.000000000000000000e+00,3.500240000000000018e-01
2.300000000000000000e+01,1.000000000000000021e-03,1.000000000000000000e+04,1.157690999999999981e+01,0.000000000000000000e+00,3.472080000000000166e-01
2.300000000000000000e+01,3.162278000000000137e-03,1.000000000000000000e+04,6.916500000000000092e+00,0.000000000000000000e+00,3.778520000000000212e-01
2.300000000000000000e+01,1.000000000000000021e-02,1.000000000000000000e+04,3.991413000000000100e+00,0.000000000000000000e+00,4.588389999999999969e-01
2.300000000000000000e+01,3.162277899999999670e-02,1.000000000000000000e+04,2.214974999999999916e+00,0.000000000000000000e+00,5.846620000000000150e-01
2.300000000000000000e+01,1.000000010000000050e-01,1.000000000000000000e+04,1.108948000000000045e+00,0.000000000000000000e+00,6.212450000000000472e-01
2.300000000000000000e+01,3.162277640000000223e-01,1.000000000000000000e+04,2.796890000000000209e-01,0.000000000000000000e+00,2.502010000000000067e-01
2.300000000000000000e+01,1.000000000000000062e-09,3.162277500000000146e+04,1.377027397999999948e+03,0.000000000000000000e+00,1.111631000000000036e+00
2.300000000000000000e+01,2.999999999999999980e-09,3.162277500000000146e+04,1.017229185000000030e+03,0.000000000000000000e+00,9.951989999999999448e-01
2.300000000000000000e+01,1.000000000000000021e-08,3.162277500000000146e+04,7.387685699999999542e+02,0.000000000000000000e+00,8.899709999999999566e-01
2.300000000000000000e+01,3.200000000000000199e-08,3.162277500000000146e+04,5.280973209999999654e+02,0.000000000000000000e+00,7.952029999999999932e-01
2.300000000000000000e+01,9.999999999999999547e-08,3.162277500000000146e+04,3.722159940000000233e+02,0.000000000000000000e+00,7.101530000000000342e-01
2.300000000000000000e+01,3.160000000000000238e-07,3.162277500000000146e+04,2.590534289999999942e+02,0.000000000000000000e+00,6.340750000000000552e-01
2.300000000000000000e+01,9.999999999999999547e-07,3.162277500000000146e+04,1.779136939999999925e+02,0.000000000000000000e+00,5.662310000000000398e-01
2.300000000000000000e+01,3.161999999999999965e-06,3.162277500000000146e+04,1.203859800000000035e+02,0.000000000000000000e+00,5.060510000000000286e-01
2.300000000000000000e+01,1.000000000000000082e-05,3.162277500000000146e+04,8.010772400000000459e+01,0.000000000000000000e+00,4.533139999999999947e-01
2.300000000000000000e+01,3.162299999999999860e-05,3.162277500000000146e+04,5.230205399999999827e+01,0.000000000000000000e+00,4.084169999999999745e-01
2.300000000000000000e+01,1.000000000000000048e-04,3.162277500000000146e+04,3.341238599999999792e+01,0.000000000000000000e+00,3.729399999999999937e-01
2.300000000000000000e+01,3.162279999999999952e-04,3.162277500000000146e+04,2.081513100000000094e+01,0.000000000000000000e+00,3.506619999999999737e-01
2.300000000000000000e+01,1.000000000000000021e-03,3.162277500000000146e+04,1.259501799999999960e+01,0.000000000000000000e+00,3.491859999999999964e-01
2.300000000000000000e+01,3.162278000000000137e-03,3.162277500000000146e+04,7.370211000000000290e+00,0.000000000000000000e+00,3.815660000000000163e-01
2.300000000000000000e+01,1.000000000000000021e-02,3.162277500000000146e+04,4.155293999999999599e+00,0.000000000000000000e+00,4.633780000000000121e-01
2.300000000000000000e+01,3.162277899999999670e-02,3.162277500000000146e+04,2.244553999999999938e+00,0.000000000000000000e+00,5.850720000000000365e-01
2.300000000000000000e+01,1.000000010000000050e-01,3.162277500000000146e+04,1.087827000000000099e+00,0.000000000000000000e+00,6.080160000000000009e-01
2.300000000000000000e+01,3.162277640000000223e-01,3.162277500000000146e+04,2.620379999999999932e-01,0.000000000000000000e+00,2.344489999999999907e-01
2.300000000000000000e+01,1.000000000000000062e-09,1.000000000000000000e+05,1.719602652000000035e+03,0.000000000000000000e+00,1.122838999999999920e+00
2.300000000000000000e+01,2.999999999999999980e-09,1.000000000000000000e+05,1.260098404000000073e+03,0.000000000000000000e+00,1.001120000000000010e+00
2.300000000000000000e+01,1.000000000000000021e-08,1.000000000000000000e+05,9.068027620000000297e+02,0.000000000000000000e+00,8.925239999999999840e-01
2.300000000000000000e+01,3.200000000000000199e-08,1.000000000000000000e+05,6.416422079999999823e+02,0.000000000000000000e+00,7.958169999999999966e-01
2.300000000000000000e+01,9.999999999999999547e-08,1.000000000000000000e+05,4.473027169999999728e+02,0.000000000000000000e+00,7.097649999999999793e-01
2.300000000000000000e+01,3.160000000000000238e-07,1.000000000000000000e+05,3.077515210000000252e+02,0.000000000000000000e+00,6.331470000000000153e-01
2.300000000000000000e+01,9.999999999999999547e-07,1.000000000000000000e+05,2.088431850000000054e+02,0.000000000000000000e+00,5.649939999999999962e-01
2.300000000000000000e+01,3.161999999999999965e-06,1.000000000000000000e+05,1.395584159999999940e+02,0.000000000000000000e+00,5.046950000000000047e-01
2.300000000000000000e+01,1.000000000000000082e-05,1.000000000000000000e+05,9.165576400000000490e+01,0.000000000000000000e+00,4.520069999999999921e-01
2.300000000000000000e+01,3.162299999999999860e-05,1.000000000000000000e+05,5.902059899999999715e+01,0.000000000000000000e+00,4.073550000000000226e-01
2.300000000000000000e+01,1.000000000000000048e-04,1.000000000000000000e+05,3.715619800000000339e+01,0.000000000000000000e+00,3.723839999999999928e-01
2.300000000000000000e+01,3.162279999999999952e-04,1.000000000000000000e+05,2.278801299999999941e+01,0.000000000000000000e+00,3.509840000000000182e-01
2.300000000000000000e+01,1.000000000000000021e-03,1.000000000000000000e+05,1.355768800000000063e+01,0.000000000000000000e+00,3.508499999999999952e-01
2.300000000000000000e+01,3.162278000000000137e-03,1.000000000000000000e+05,7.787762999999999991e+00,0.000000000000000000e+00,3.848469999999999946e-01
2.300000000000000000e+01,1.000000000000000021e-02,1.000000000000000000e+05,4.300224000000000046e+00,0.000000000000000000e+00,4.673050000000000259e-01
2.300000000000000000e+01,3.162277899999999670e-02,1.000000000000000000e+05,2.267526999999999848e+00,0.000000000000000000e+00,5.850090000000000012e-01
2.300000000000000000e+01,1.000000010000000050e-01,1.000000000000000000e+05,1.067469999999999919e+00,0.000000000000000000e+00,5.956839999999999913e-01
2.300000000000000000e+01,3.162277640000000223e-01,1.000000000000000000e+05,2.466559999999999864e-01,0.000000000000000000e+00,2.207320000000000115e-01
2.300000000000000000e+01,1.000000000000000062e-09,3.162277810000000172e+05,2.098216261999999915e+03,0.000000000000000000e+00,1.110327999999999982e+00
2.300000000000000000e+01,2.999999999999999980e-09,3.162277810000000172e+05,1.526558557999999948e+03,0.000000000000000000e+00,9.944060000000000121e-01
2.300000000000000000e+01,1.000000000000000021e-08,3.162277810000000172e+05,1.089578103999999939e+03,0.000000000000000000e+00,8.889359999999999484e-01
2.300000000000000000e+01,3.200000000000000199e-08,3.162277810000000172e+05,7.639338729999999487e+02,0.000000000000000000e+00,7.935020000000000406e-01
2.300000000000000000e+01,9.999999999999999547e-08,3.162277810000000172e+05,5.272959779999999910e+02,0.000000000000000000e+00,7.076900000000000412e-01
2.300000000000000000e+01,3.160000000000000238e-07,3.162277810000000172e+05,3.590364930000000072e+02,0.000000000000000000e+00,6.310710000000000486e-01
2.300000000000000000e+01,9.999999999999999547e-07,3.162277810000000172e+05,2.410240750000000105e+02,0.000000000000000000e+00,5.630020000000000024e-01
2.300000000000000000e+01,3.161999999999999965e-06,3.162277810000000172e+05,1.592539270000000045e+02,0.000000000000000000e+00,5.028569999999999984e-01
2.300000000000000000e+01,1.000000000000000082e-05,3.162277810000000172e+05,1.033594899999999939e+02,0.000000000000000000e+00,4.504130000000000078e-01
2.300000000000000000e+01,3.162299999999999860e-05,3.162277810000000172e+05,6.573175200000000018e+01,0.000000000000000000e+00,4.061290000000000178e-01
2.300000000000000000e+01,1.000000000000000048e-04,3.162277810000000172e+05,4.083747199999999822e+01,0.000000000000000000e+00,3.717289999999999761e-01
2.300000000000000000e+01,3.162279999999999952e-04,3.162277810000000172e+05,2.469432899999999975e+01,0.000000000000000000e+00,3.512140000000000262e-01
2.300000000000000000e+01,1.000000000000000021e-03,3.162277810000000172e+05,1.446932900000000011e+01,0.000000000000000000e+00,3.523580000000000045e-01
2.300000000000000000e+01,3.162278000000000137e-03,3.162277810000000172e+05,8.173410000000000508e+00,0.000000000000000000e+00,3.878289999999999793e-01
2.300000000000000000e+01,1.000000000000000021e-02,3.162277810000000172e+05,4.429124999999999979e+00,0.000000000000000000e+00,4.707629999999999870e-01
2.300000000000000000e+01,3.162277899999999670e-02,3.162277810000000172e+05,2.285263000000000044e+00,0.000000000000000000e+00,5.846000000000000085e-01
2.300000000000000000e+01,1.000000010000000050e-01,3.162277810000000172e+05,1.047936999999999896e+00,0.000000000000000000e+00,5.841549999999999798e-01
2.300000000000000000e+01,3.162277640000000223e-01,3.162277810000000172e+05,2.331169999999999909e-01,0.000000000000000000e+00,2.086629999999999874e-01
2.300000000000000000e+01,1.000000000000000062e-09,1.000000000000000000e+06,2.511683405000000221e+03,0.000000000000000000e+00,1.111871999999999971e+00
2.300000000000000000e+01,2.999999999999999980e-09,1.000000000000000000e+06,1.815651544000000058e+03,0.000000000000000000e+00,9.935150000000000370e-01
2.300000000000000000e+01,1.000000000000000021e-08,1.000000000000000000e+06,1.286349210000000085e+03,0.000000000000000000e+00,8.867639999999999967e-01
2.300000000000000000e+01,3.200000000000000199e-08,1.000000000000000000e+06,8.944180870000000141e+02,0.000000000000000000e+00,7.908739999999999659e-01
2.300000000000000000e+01,9.999999999999999547e-08,1.000000000000000000e+06,6.118051880000000438e+02,0.000000000000000000e+00,7.050969999999999738e-01
2.300000000000000000e+01,3.160000000000000238e-07,1.000000000000000000e+06,4.126499989999999798e+02,0.000000000000000000e+00,6.286800000000000166e-01
2.300000000000000000e+01,9.999999999999999547e-07,1.000000000000000000e+06,2.742971860000000106e+02,0.000000000000000000e+00,5.608309999999999684e-01
2.300000000000000000e+01,3.161999999999999965e-06,1.000000000000000000e+06,1.793824850000000026e+02,0.000000000000000000e+00,5.009400000000000519e-01
2.300000000000000000e+01,1.000000000000000082e-05,1.000000000000000000e+06,1.151737020000000058e+02,0.000000000000000000e+00,4.487990000000000035e-01
2.300000000000000000e+01,3.162299999999999860e-05,1.000000000000000000e+06,7.241705799999999726e+01,0.000000000000000000e+00,4.049150000000000249e-01
2.300000000000000000e+01,1.000000000000000048e-04,1.000000000000000000e+06,4.445203300000000013e+01,0.000000000000000000e+00,3.710899999999999754e-01
2.300000000000000000e+01,3.162279999999999952e-04,1.000000000000000000e+06,2.653626200000000068e+01,0.000000000000000000e+00,3.514269999999999894e-01
2.300000000000000000e+01,1.000000000000000021e-03,1.000000000000000000e+06,1.533394299999999966e+01,0.000000000000000000e+00,3.537699999999999734e-01
2.300000000000000000e+01,3.162278000000000137e-03,1.000000000000000000e+06,8.530727000000000615e+00,0.000000000000000000e+00,3.905770000000000075e-01
2.300000000000000000e+01,1.000000000000000021e-02,1.000000000000000000e+06,4.544327000000000005e+00,0.000000000000000000e+00,4.738390000000000102e-01
2.300000000000000000e+01,3.162277899999999670e-02,1.000000000000000000e+06,2.298789000000000193e+00,0.000000000000000000e+00,5.839290000000000314e-01
2.300000000000000000e+01,1.000000010000000050e-01,1.000000000000000000e+06,1.029233999999999982e+00,0.000000000000000000e+00,5.733439999999999648e-01
2.300000000000000000e+01,3.162277640000000223e-01,1.000000000000000000e+06,2.210930000000000117e-01,0.000000000000000000e+00,1.979499999999999871e-01
2.300000000000000000e+01,1.000000000000000062e-09,3.162277750000000000e+06,2.958789807000000110e+03,0.000000000000000000e+00,1.117531999999999970e+00
2.300000000000000000e+01,2.999999999999999980e-09,3.162277750000000000e+06,2.126431271999999808e+03,0.000000000000000000e+00,9.943389999999999729e-01
2.300000000000000000e+01,1.000000000000000021e-08,3.162277750000000000e+06,1.496402698999999984e+03,0.000000000000000000e+00,8.850400000000000489e-01
2.300000000000000000e+01,3.200000000000000199e-08,3.162277750000000000e+06,1.032578625000000102e+03,0.000000000000000000e+00,7.882099999999999662e-01
2.300000000000000000e+01,9.999999999999999547e-08,3.162277750000000000e+06,7.004755959999999959e+02,0.000000000000000000e+00,7.024270000000000236e-01
2.300000000000000000e+01,3.160000000000000238e-07,3.162277750000000000e+06,4.683629480000000171e+02,0.000000000000000000e+00,6.262769999999999726e-01
2.300000000000000000e+01,9.999999999999999547e-07,3.162277750000000000e+06,3.085247650000000021e+02,0.000000000000000000e+00,5.586980000000000279e-01
2.300000000000000000e+01,3.161999999999999965e-06,3.162277750000000000e+06,1.998682790000000011e+02,0.000000000000000000e+00,4.990820000000000256e-01
2.300000000000000000e+01,1.000000000000000082e-05,3.162277750000000000e+06,1.270616830000000022e+02,0.000000000000000000e+00,4.472530000000000117e-01
2.300000000000000000e+01,3.162299999999999860e-05,3.162277750000000000e+06,7.906244200000000433e+01,0.000000000000000000e+00,4.037680000000000158e-01
2.300000000000000000e+01,1.000000000000000048e-04,3.162277750000000000e+06,4.799745800000000173e+01,0.000000000000000000e+00,3.704990000000000228e-01
2.300000000000000000e+01,3.162279999999999952e-04,3.162277750000000000e+06,2.831628299999999854e+01,0.000000000000000000e+00,3.516469999999999874e-01
2.300000000000000000e+01,1.000000000000000021e-03,3.162277750000000000e+06,1.615515200000000107e+01,0.000000000000000000e+00,3.551110000000000100e-01
2.300000000000000000e+01,3.162278000000000137e-03,3.162277750000000000e+06,8.862750999999999379e+00,0.000000000000000000e+00,3.931290000000000062e-01
2.300000000000000000e+01,1.000000000000000021e-02,3.162277750000000000e+06,4.647719000000000378e+00,0.000000000000000000e+00,4.765960000000000196e-01
2.300000000000000000e+01,3.162277899999999670e-02,3.162277750000000000e+06,2.308892999999999862e+00,0.000000000000000000e+00,5.830560000000000187e-01
2.300000000000000000e+01,1.000000010000000050e-01,3.162277750000000000e+06,1.011343000000000103e+00,0.000000000000000000e+00,5.631749999999999812e-01
2.300000000000000000e+01,3.162277640000000223e-01,3.162277750000000000e+06,2.103349999999999942e-01,0.000000000000000000e+00,1.883660000000000057e-01
2.300000000000000000e+01,1.000000000000000062e-09,1.000000000000000000e+07,3.438341319999999996e+03,0.000000000000000000e+00,1.104451000000000072e+00
2.300000000000000000e+01,2.999999999999999980e-09,1.000000000000000000e+07,2.457983620999999857e+03,0.000000000000000000e+00,9.865850000000000453e-01
2.300000000000000000e+01,1.000000000000000021e-08,1.000000000000000000e+07,1.719062525999999934e+03,0.000000000000000000e+00,8.803739999999999899e-01
2.300000000000000000e+01,3.200000000000000199e-08,1.000000000000000000e+07,1.177936279999999897e+03,0.000000000000000000e+00,7.850479999999999681e-01
2.300000000000000000e+01,9.999999999999999547e-08,1.000000000000000000e+07,7.929848110000000361e+02,0.000000000000000000e+00,6.998389999999999889e-01
2.300000000000000000e+01,3.160000000000000238e-07,1.000000000000000000e+07,5.259716110000000526e+02,0.000000000000000000e+00,6.239729999999999999e-01
2.300000000000000000e+01,9.999999999999999547e-07,1.000000000000000000e+07,3.435870520000000283e+02,0.000000000000000000e+00,5.566630000000000189e-01
2.300000000000000000e+01,3.161999999999999965e-06,1.000000000000000000e+07,2.206471129999999903e+02,0.000000000000000000e+00,4.973219999999999863e-01
2.300000000000000000e+01,1.000000000000000082e-05,1.000000000000000000e+07,1.389934350000000052e+02,0.000000000000000000e+00,4.457999999999999741e-01
2.300000000000000000e+01,3.162299999999999860e-05,1.000000000000000000e+07,8.565716999999999359e+01,0.000000000000000000e+00,4.026989999999999736e-01
2.300000000000000000e+01,1.000000000000000048e-04,1.000000000000000000e+07,5.147257599999999655e+01,0.000000000000000000e+00,3.699629999999999863e-01
2.300000000000000000e+01,3.162279999999999952e-04,1.000000000000000000e+07,3.003698800000000091e+01,0.000000000000000000e+00,3.518789999999999973e-01
2.300000000000000000e+01,1.000000000000000021e-03,1.000000000000000000e+07,1.693623600000000096e+01,0.000000000000000000e+00,3.563899999999999846e-01
2.300000000000000000e+01,3.162278000000000137e-03,1.000000000000000000e+07,9.172079999999999345e+00,0.000000000000000000e+00,3.955110000000000015e-01
2.300000000000000000e+01,1.000000000000000021e-02,1.000000000000000000e+07,4.740853000000000428e+00,0.000000000000000000e+00,4.790780000000000038e-01
2.300000000000000000e+01,3.162277899999999670e-02,1.000000000000000000e+07,2.316187999999999914e+00,0.000000000000000000e+00,5.820239999999999858e-01
2.300000000000000000e+01,1.000000010000000050e-01,1.000000000000000000e+07,9.942349999999999799e-01,0.000000000000000000e+00,5.535839999999999650e-01
2.300000000000000000e+01,3.162277640000000223e-01,1.000000000000000000e+07,2.006439999999999890e-01,0.000000000000000000e+00,1.797350000000000059e-01
2.300000000000000000e+01,1.000000000000000062e-09,3.162277800000000000e+07,3.949142572000000200e+03,0.000000000000000000e+00,1.073139000000000065e+00
2.300000000000000000e+01,2.999999999999999980e-09,3.162277800000000000e+07,2.809417398999999932e+03,0.000000000000000000e+00,9.703289999999999971e-01
2.300000000000000000e+01,1.000000000000000021e-08,3.162277800000000000e+07,1.953685609999999997e+03,0.000000000000000000e+00,8.727009999999999490e-01
2.300000000000000000e+01,3.200000000000000199e-08,3.162277800000000000e+07,1.330045335999999907e+03,0.000000000000000000e+00,7.813459999999999850e-01
2.300000000000000000e+01,9.999999999999999547e-08,3.162277800000000000e+07,8.890390949999999748e+02,0.000000000000000000e+00,6.973570000000000046e-01
2.300000000000000000e+01,3.160000000000000238e-07,3.162277800000000000e+07,5.852940509999999676e+02,0.000000000000000000e+00,6.217880000000000074e-01
2.300000000000000000e+01,9.999999999999999547e-07,3.162277800000000000e+07,3.793793689999999970e+02,0.000000000000000000e+00,5.547410000000000396e-01
2.300000000000000000e+01,3.161999999999999965e-06,3.162277800000000000e+07,2.416642929999999865e+02,0.000000000000000000e+00,4.956670000000000242e-01
2.300000000000000000e+01,1.000000000000000082e-05,3.162277800000000000e+07,1.509443249999999921e+02,0.000000000000000000e+00,4.444420000000000037e-01
2.300000000000000000e+01,3.162299999999999860e-05,3.162277800000000000e+07,9.219310000000000116e+01,0.000000000000000000e+00,4.017080000000000095e-01
2.300000000000000000e+01,1.000000000000000048e-04,3.162277800000000000e+07,5.487713000000000108e+01,0.000000000000000000e+00,3.694790000000000019e-01
2.300000000000000000e+01,3.162279999999999952e-04,3.162277800000000000e+07,3.170101599999999920e+01,0.000000000000000000e+00,3.521230000000000193e-01
2.300000000000000000e+01,1.000000000000000021e-03,3.162277800000000000e+07,1.768016799999999833e+01,0.000000000000000000e+00,3.576159999999999894e-01
2.300000000000000000e+01,3.162278000000000137e-03,3.162277800000000000e+07,9.460962999999999568e+00,0.000000000000000000e+00,3.977419999999999844e-01
2.300000000000000000e+01,1.000000000000000021e-02,3.162277800000000000e+07,4.825021999999999700e+00,0.000000000000000000e+00,4.813230000000000008e-01
2.300000000000000000e+01,3.162277899999999670e-02,3.162277800000000000e+07,2.321161000000000030e+00,0.000000000000000000e+00,5.808670000000000222e-01
2.300000000000000000e+01,1.000000010000000050e-01,3.162277800000000000e+07,9.778710000000000457e-01,0.000000000000000000e+00,5.445140000000000535e-01
2.300000000000000000e+01,3.162277640000000223e-01,3.162277800000000000e+07,1.918630000000000058e-01,0.000000000000000000e+00,1.719140000000000112e-01
2.300000000000000000e+01,1.000000000000000062e-09,1.000000000000000000e+08,4.489991745999999694e+03,0.000000000000000000e+00,1.110951000000000022e+00
2.300000000000000000e+01,2.999999999999999980e-09,1.000000000000000000e+08,3.179859284000000116e+03,0.000000000000000000e+00,9.861400000000000166e-01
2.300000000000000000e+01,1.000000000000000021e-08,1.000000000000000000e+08,2.199658159000000069e+03,0.000000000000000000e+00,8.764340000000000463e-01
2.300000000000000000e+01,3.200000000000000199e-08,1.000000000000000000e+08,1.488490792000000056e+03,0.000000000000000000e+00,7.800070000000000059e-01
2.300000000000000000e+01,9.999999999999999547e-08,1.000000000000000000e+08,9.883706029999999600e+02,0.000000000000000000e+00,6.950349999999999584e-01
2.300000000000000000e+01,3.160000000000000238e-07,1.000000000000000000e+08,6.461674490000000333e+02,0.000000000000000000e+00,6.197259999999999991e-01
2.300000000000000000e+01,9.999999999999999547e-07,1.000000000000000000e+08,4.158099169999999845e+02,0.000000000000000000e+00,5.529309999999999503e-01
2.300000000000000000e+01,3.161999999999999965e-06,1.000000000000000000e+08,2.628730340000000183e+02,0.000000000000000000e+00,4.941099999999999937e-01
2.300000000000000000e+01,1.000000000000000082e-05,1.000000000000000000e+08,1.628940499999999929e+02,0.000000000000000000e+00,4.431649999999999756e-01
2.300000000000000000e+01,3.162299999999999860e-05,1.000000000000000000e+08,9.866408500000000004e+01,0.000000000000000000e+00,4.007839999999999736e-01
2.300000000000000000e+01,1.000000000000000048e-04,1.000000000000000000e+08,5.821150500000000250e+01,0.000000000000000000e+00,3.690410000000000079e-01
2.300000000000000000e+01,3.162279999999999952e-04,1.000000000000000000e+08,3.331097299999999706e+01,0.000000000000000000e+00,3.523769999999999958e-01
2.300000000000000000e+01,1.000000000000000021e-03,1.000000000000000000e+08,1.838963899999999896e+01,0.000000000000000000e+00,3.587929999999999731e-01
2.300000000000000000e+01,3.162278000000000137e-03,1.000000000000000000e+08,9.731350000000000833e+00,0.000000000000000000e+00,3.998390000000000000e-01
2.300000000000000000e+01,1.000000000000000021e-02,1.000000000000000000e+08,4.901308000000000220e+00,0.000000000000000000e+00,4.833609999999999851e-01
2.300000000000000000e+01,3.162277899999999670e-02,1.000000000000000000e+08,2.324203999999999937e+00,0.000000000000000000e+00,5.796090000000000408e-01
2.300000000000000000e+01,1.000000010000000050e-01,1.000000000000000000e+08,9.622110000000000385e-01,0.000000000000000000e+00,5.359169999999999767e-01
2.300000000000000000e+01,3.162277640000000223e-01,1.000000000000000000e+08,1.838650000000000007e-01,0.000000000000000000e+00,1.647909999999999930e-01
2.300000000000000000e+01,1.000000000000000062e-09,3.162277760000000000e+08,5.059895594999999958e+03,0.000000000000000000e+00,1.904425999999999952e+00
2.300000000000000000e+01,2.999999999999999980e-09,3.162277760000000000e+08,3.568543020000000070e+03,0.000000000000000000e+00,1.349793000000000021e+00
2.300000000000000000e+01,1.000000000000000021e-08,3.162277760000000000e+08,2.456420024999999896e+03,0.000000000000000000e+00,1.001479999999999926e+00
2.300000000000000000e+01,3.200000000000000199e-08,3.162277760000000000e+08,1.652886923000000024e+03,0.000000000000000000e+00,8.017109999999999514e-01
2.300000000000000000e+01,9.999999999999999547e-08,3.162277760000000000e+08,1.090730729999999994e+03,0.000000000000000000e+00,6.927109999999999657e-01
2.300000000000000000e+01,3.160000000000000238e-07,3.162277760000000000e+08,7.084429470000000038e+02,0.000000000000000000e+00,6.177209999999999646e-01
2.300000000000000000e+01,9.999999999999999547e-07,3.162277760000000000e+08,4.527962329999999724e+02,0.000000000000000000e+00,5.511890000000000400e-01
2.300000000000000000e+01,3.161999999999999965e-06,3.162277760000000000e+08,2.842321319999999787e+02,0.000000000000000000e+00,4.926300000000000123e-01
2.300000000000000000e+01,1.000000000000000082e-05,3.162277760000000000e+08,1.748251789999999914e+02,0.000000000000000000e+00,4.419170000000000043e-01
2.300000000000000000e+01,3.162299999999999860e-05,3.162277760000000000e+08,1.050653520000000043e+02,0.000000000000000000e+00,3.999579999999999802e-01
2.300000000000000000e+01,1.000000000000000048e-04,3.162277760000000000e+08,6.147648499999999672e+01,0.000000000000000000e+00,3.686440000000000272e-01
2.300000000000000000e+01,3.162279999999999952e-04,3.162277760000000000e+08,3.486941399999999902e+01,0.000000000000000000e+00,3.526270000000000238e-01
2.300000000000000000e+01,1.000000000000000021e-03,3.162277760000000000e+08,1.906713500000000039e+01,0.000000000000000000e+00,3.599220000000000197e-01
2.300000000000000000e+01,3.162278000000000137e-03,3.162277760000000000e+08,9.984985999999999251e+00,0.000000000000000000e+00,4.018050000000000233e-01
2.300000000000000000e+01,1.000000000000000021e-02,3.162277760000000000e+08,4.970653000000000432e+00,0.000000000000000000e+00,4.852170000000000094e-01
2.300000000000000000e+01,3.162277899999999670e-02,3.162277760000000000e+08,2.325642999999999905e+00,0.000000000000000000e+00,5.782720000000000082e-01
2.300000000000000000e+01,1.000000010000000050e-01,3.162277760000000000e+08,9.472150000000000292e-01,0.000000000000000000e+00,5.277490000000000236e-01
2.300000000000000000e+01,3.162277640000000223e-01,3.162277760000000000e+08,1.765430000000000055e-01,0.000000000000000000e+00,1.582689999999999930e-01
2.400000000000000000e+01,1.000000000000000062e-09,1.000000000000000000e+00,4.121067000000000036e+00,0.000000000000000000e+00,1.710300000000000015e-02
2.400000000000000000e+01,2.999999999999999980e-09,1.000000000000000000e+00,3.669268999999999892e+00,0.000000000000000000e+00,1.619299999999999906e-02
2.400000000000000000e+01,1.000000000000000021e-08,1.000000000000000000e+00,3.270605000000000206e+00,0.000000000000000000e+00,1.482499999999999964e-02
2.400000000000000000e+01,3.200000000000000199e-08,1.000000000000000000e+00,2.921628999999999809e+00,0.000000000000000000e+00,1.298299999999999975e-02
2.400000000000000000e+01,9.999999999999999547e-08,1.000000000000000000e+00,2.618901999999999841e+00,0.000000000000000000e+00,1.065299999999999928e-02
2.400000000000000000e+01,3.160000000000000238e-07,1.000000000000000000e+00,2.359017999999999837e+00,0.000000000000000000e+00,7.816000000000000031e-03
2.400000000000000000e+01,9.999999999999999547e-07,1.000000000000000000e+00,2.138729999999999798e+00,0.000000000000000000e+00,4.451000000000000095e-03
2.400000000000000000e+01,3.161999999999999965e-06,1.000000000000000000e+00,1.955143000000000075e+00,0.000000000000000000e+00,5.699999999999999772e-04
2.400000000000000000e+01,1.000000000000000082e-05,1.000000000000000000e+00,1.805614999999999970e+00,0.000000000000000000e+00,-3.712000000000000022e-03
2.400000000000000000e+01,3.162299999999999860e-05,1.000000000000000000e+00,1.687321999999999989e+00,0.000000000000000000e+00,-8.011000000000000759e-03
2.400000000000000000e+01,1.000000000000000048e-04,1.000000000000000000e+00,1.596429000000000098e+00,0.000000000000000000e+00,-1.123900000000000073e-02
2.400000000000000000e+01,3.162279999999999952e-04,1.000000000000000000e+00,1.526839999999999975e+00,0.000000000000000000e+00,-1.048699999999999979e-02
2.400000000000000000e+01,1.000000000000000021e-03,1.000000000000000000e+00,1.469483000000000095e+00,0.000000000000000000e+00,1.868000000000000086e-03
2.400000000000000000e+01,3.162278000000000137e-03,1.000000000000000000e+00,1.416201999999999961e+00,0.000000000000000000e+00,4.569100000000000245e-02
2.400000000000000000e+01,1.000000000000000021e-02,1.000000000000000000e+00,1.377774000000000054e+00,0.000000000000000000e+00,1.715109999999999968e-01
2.400000000000000000e+01,3.162277899999999670e-02,1.000000000000000000e+00,1.422954000000000052e+00,0.000000000000000000e+00,4.926809999999999801e-01
2.400000000000000000e+01,1.000000010000000050e-01,1.000000000000000000e+00,1.658279000000000059e+00,0.000000000000000000e+00,1.133613999999999900e+00
2.400000000000000000e+01,3.162277640000000223e-01,1.000000000000000000e+00,1.538194999999999979e+00,0.000000000000000000e+00,1.437035000000000062e+00
2.400000000000000000e+01,1.000000000000000062e-09,3.161999999999999922e+00,1.580897700000000050e+01,0.000000000000000000e+00,-7.465299999999999714e-02
2.400000000000000000e+01,2.999999999999999980e-09,3.161999999999999922e+00,1.380926700000000018e+01,0.000000000000000000e+00,-8.865499999999999770e-02
2.400000000000000000e+01,1.000000000000000021e-08,3.161999999999999922e+00,1.203363700000000058e+01,0.000000000000000000e+00,-1.001080000000000025e-01
2.400000000000000000e+01,3.200000000000000199e-08,3.161999999999999922e+00,1.046202399999999955e+01,0.000000000000000000e+00,-1.092420000000000058e-01
2.400000000000000000e+01,9.999999999999999547e-08,3.161999999999999922e+00,9.074595999999999663e+00,0.000000000000000000e+00,-1.162860000000000005e-01
2.400000000000000000e+01,3.160000000000000238e-07,3.161999999999999922e+00,7.851945999999999870e+00,0.000000000000000000e+00,-1.214680000000000065e-01
2.400000000000000000e+01,9.999999999999999547e-07,3.161999999999999922e+00,6.775700999999999752e+00,0.000000000000000000e+00,-1.249829999999999969e-01
2.400000000000000000e+01,3.161999999999999965e-06,3.161999999999999922e+00,5.829323999999999728e+00,0.000000000000000000e+00,-1.269289999999999863e-01
2.400000000000000000e+01,1.000000000000000082e-05,3.161999999999999922e+00,4.998083000000000276e+00,0.000000000000000000e+00,-1.272079999999999878e-01
2.400000000000000000e+01,3.162299999999999860e-05,3.161999999999999922e+00,4.268887000000000320e+00,0.000000000000000000e+00,-1.252870000000000095e-01
2.400000000000000000e+01,1.000000000000000048e-04,3.161999999999999922e+00,3.630269999999999886e+00,0.000000000000000000e+00,-1.196080000000000060e-01
2.400000000000000000e+01,3.162279999999999952e-04,3.161999999999999922e+00,3.072789000000000215e+00,0.000000000000000000e+00,-1.061529999999999974e-01
2.400000000000000000e+01,1.000000000000000021e-03,3.161999999999999922e+00,2.590602000000000071e+00,0.000000000000000000e+00,-7.501499999999999835e-02
2.400000000000000000e+01,3.162278000000000137e-03,3.161999999999999922e+00,2.186062000000000172e+00,0.000000000000000000e+00,-2.475999999999999902e-03
2.400000000000000000e+01,1.000000000000000021e-02,3.161999999999999922e+00,1.880198999999999954e+00,0.000000000000000000e+00,1.651499999999999913e-01
2.400000000000000000e+01,3.162277899999999670e-02,3.161999999999999922e+00,1.723365999999999953e+00,0.000000000000000000e+00,5.284039999999999848e-01
2.400000000000000000e+01,1.000000010000000050e-01,3.161999999999999922e+00,1.722466000000000053e+00,0.000000000000000000e+00,1.133777999999999953e+00
2.400000000000000000e+01,3.162277640000000223e-01,3.161999999999999922e+00,1.291714999999999947e+00,0.000000000000000000e+00,1.210458999999999952e+00
2.400000000000000000e+01,1.000000000000000062e-09,1.000000000000000000e+01,5.494620599999999655e+01,0.000000000000000000e+00,6.498009999999999620e-01
2.400000000000000000e+01,2.999999999999999980e-09,1.000000000000000000e+01,4.581042599999999965e+01,0.000000000000000000e+00,4.744979999999999754e-01
2.400000000000000000e+01,1.000000000000000021e-08,1.000000000000000000e+01,3.798279099999999886e+01,0.000000000000000000e+00,3.284989999999999855e-01
2.400000000000000000e+01,3.200000000000000199e-08,1.000000000000000000e+01,3.132214000000000098e+01,0.000000000000000000e+00,2.086359999999999881e-01
2.400000000000000000e+01,9.999999999999999547e-08,1.000000000000000000e+01,2.568982300000000052e+01,0.000000000000000000e+00,1.117409999999999931e-01
2.400000000000000000e+01,3.160000000000000238e-07,1.000000000000000000e+01,2.095162900000000050e+01,0.000000000000000000e+00,3.465000000000000024e-02
2.400000000000000000e+01,9.999999999999999547e-07,1.000000000000000000e+01,1.698180999999999941e+01,0.000000000000000000e+00,-2.563000000000000000e-02
2.400000000000000000e+01,3.161999999999999965e-06,1.000000000000000000e+01,1.366958999999999946e+01,0.000000000000000000e+00,-7.162300000000000610e-02
2.400000000000000000e+01,1.000000000000000082e-05,1.000000000000000000e+01,1.091881700000000066e+01,0.000000000000000000e+00,-1.052469999999999933e-01
2.400000000000000000e+01,3.162299999999999860e-05,1.000000000000000000e+01,8.646347999999999701e+00,0.000000000000000000e+00,-1.275529999999999997e-01
2.400000000000000000e+01,1.000000000000000048e-04,1.000000000000000000e+01,6.780899999999999928e+00,0.000000000000000000e+00,-1.380440000000000000e-01
2.400000000000000000e+01,3.162279999999999952e-04,1.000000000000000000e+01,5.262597999999999665e+00,0.000000000000000000e+00,-1.330510000000000026e-01
2.400000000000000000e+01,1.000000000000000021e-03,1.000000000000000000e+01,4.043866999999999656e+00,0.000000000000000000e+00,-1.020400000000000057e-01
2.400000000000000000e+01,3.162278000000000137e-03,1.000000000000000000e+01,3.092894999999999950e+00,0.000000000000000000e+00,-1.978299999999999850e-02
2.400000000000000000e+01,1.000000000000000021e-02,1.000000000000000000e+01,2.400437000000000154e+00,0.000000000000000000e+00,1.673810000000000020e-01
2.400000000000000000e+01,3.162277899999999670e-02,1.000000000000000000e+01,1.978763000000000050e+00,0.000000000000000000e+00,5.469619999999999482e-01
2.400000000000000000e+01,1.000000010000000050e-01,1.000000000000000000e+01,1.763692999999999955e+00,0.000000000000000000e+00,1.111169999999999991e+00
2.400000000000000000e+01,3.162277640000000223e-01,1.000000000000000000e+01,1.136830999999999925e+00,0.000000000000000000e+00,1.058810000000000029e+00
2.400000000000000000e+01,1.000000000000000062e-09,3.162300000000000111e+01,1.278674960000000027e+02,0.000000000000000000e+00,3.927399999999999780e-01
2.400000000000000000e+01,2.999999999999999980e-09,3.162300000000000111e+01,1.032337140000000062e+02,0.000000000000000000e+00,2.220439999999999914e-01
2.400000000000000000e+01,1.000000000000000021e-08,3.162300000000000111e+01,8.269131799999999544e+01,0.000000000000000000e+00,8.612999999999999823e-02
2.400000000000000000e+01,3.200000000000000199e-08,3.162300000000000111e+01,6.573464300000000549e+01,0.000000000000000000e+00,-1.931700000000000084e-02
2.400000000000000000e+01,9.999999999999999547e-08,3.162300000000000111e+01,5.186974699999999672e+01,0.000000000000000000e+00,-9.860900000000000221e-02
2.400000000000000000e+01,3.160000000000000238e-07,3.162300000000000111e+01,4.062308999999999770e+01,0.000000000000000000e+00,-1.560539999999999983e-01
2.400000000000000000e+01,9.999999999999999547e-07,3.162300000000000111e+01,3.155580000000000140e+01,0.000000000000000000e+00,-1.957150000000000001e-01
2.400000000000000000e+01,3.161999999999999965e-06,3.162300000000000111e+01,2.429020399999999924e+01,0.000000000000000000e+00,-2.209260000000000113e-01
2.400000000000000000e+01,1.000000000000000082e-05,3.162300000000000111e+01,1.850787300000000002e+01,0.000000000000000000e+00,-2.341439999999999910e-01
2.400000000000000000e+01,3.162299999999999860e-05,3.162300000000000111e+01,1.394139900000000054e+01,0.000000000000000000e+00,-2.366729999999999945e-01
2.400000000000000000e+01,1.000000000000000048e-04,3.162300000000000111e+01,1.036757300000000015e+01,0.000000000000000000e+00,-2.279110000000000025e-01
2.400000000000000000e+01,3.162279999999999952e-04,3.162300000000000111e+01,7.602096999999999660e+00,0.000000000000000000e+00,-2.035980000000000012e-01
2.400000000000000000e+01,1.000000000000000021e-03,3.162300000000000111e+01,5.496228999999999587e+00,0.000000000000000000e+00,-1.519770000000000010e-01
2.400000000000000000e+01,3.162278000000000137e-03,3.162300000000000111e+01,3.936113999999999891e+00,0.000000000000000000e+00,-4.621800000000000214e-02
2.400000000000000000e+01,1.000000000000000021e-02,3.162300000000000111e+01,2.844269000000000158e+00,0.000000000000000000e+00,1.669559999999999933e-01
2.400000000000000000e+01,3.162277899999999670e-02,3.162300000000000111e+01,2.169039000000000161e+00,0.000000000000000000e+00,5.632169999999999677e-01
2.400000000000000000e+01,1.000000010000000050e-01,3.162300000000000111e+01,1.774238999999999900e+00,0.000000000000000000e+00,1.092087000000000030e+00
2.400000000000000000e+01,3.162277640000000223e-01,3.162300000000000111e+01,1.023077999999999932e+00,0.000000000000000000e+00,9.477900000000000214e-01
2.400000000000000000e+01,1.000000000000000062e-09,1.000000000000000000e+02,2.381162449999999922e+02,0.000000000000000000e+00,-1.923620000000000052e-01
2.400000000000000000e+01,2.999999999999999980e-09,1.000000000000000000e+02,1.877656849999999906e+02,0.000000000000000000e+00,-2.684790000000000232e-01
2.400000000000000000e+01,1.000000000000000021e-08,1.000000000000000000e+02,1.466103029999999876e+02,0.000000000000000000e+00,-3.221269999999999967e-01
2.400000000000000000e+01,3.200000000000000199e-08,1.000000000000000000e+02,1.134056530000000009e+02,0.000000000000000000e+00,-3.565280000000000116e-01
2.400000000000000000e+01,9.999999999999999547e-08,1.000000000000000000e+02,8.694157500000000027e+01,0.000000000000000000e+00,-3.749080000000000190e-01
2.400000000000000000e+01,3.160000000000000238e-07,1.000000000000000000e+02,6.606716000000000122e+01,0.000000000000000000e+00,-3.804870000000000196e-01
2.400000000000000000e+01,9.999999999999999547e-07,1.000000000000000000e+02,4.972704099999999983e+01,0.000000000000000000e+00,-3.762590000000000101e-01
2.400000000000000000e+01,3.161999999999999965e-06,1.000000000000000000e+02,3.703187799999999896e+01,0.000000000000000000e+00,-3.645410000000000039e-01
2.400000000000000000e+01,1.000000000000000082e-05,1.000000000000000000e+02,2.725067800000000062e+01,0.000000000000000000e+00,-3.468029999999999724e-01
2.400000000000000000e+01,3.162299999999999860e-05,1.000000000000000000e+02,1.978537999999999997e+01,0.000000000000000000e+00,-3.233440000000000203e-01
2.400000000000000000e+01,1.000000000000000048e-04,1.000000000000000000e+02,1.414957000000000065e+01,0.000000000000000000e+00,-2.924550000000000205e-01
2.400000000000000000e+01,3.162279999999999952e-04,1.000000000000000000e+02,9.951041999999999277e+00,0.000000000000000000e+00,-2.485420000000000129e-01
2.400000000000000000e+01,1.000000000000000021e-03,1.000000000000000000e+02,6.878191000000000166e+00,0.000000000000000000e+00,-1.781929999999999903e-01
2.400000000000000000e+01,3.162278000000000137e-03,1.000000000000000000e+02,4.690415999999999919e+00,0.000000000000000000e+00,-5.294299999999999701e-02
2.400000000000000000e+01,1.000000000000000021e-02,1.000000000000000000e+02,3.210945999999999856e+00,0.000000000000000000e+00,1.798960000000000004e-01
2.400000000000000000e+01,3.162277899999999670e-02,1.000000000000000000e+02,2.305924000000000085e+00,0.000000000000000000e+00,5.853209999999999802e-01
2.400000000000000000e+01,1.000000010000000050e-01,1.000000000000000000e+02,1.764748999999999901e+00,0.000000000000000000e+00,1.078883999999999954e+00
2.400000000000000000e+01,3.162277640000000223e-01,1.000000000000000000e+02,9.330140000000000100e-01,0.000000000000000000e+00,8.631469999999999976e-01
2.400000000000000000e+01,1.000000000000000062e-09,3.162280000000000086e+02,3.873270420000000058e+02,0.000000000000000000e+00,-6.507420000000000426e-01
2.400000000000000000e+01,2.999999999999999980e-09,3.162280000000000086e+02,2.998782219999999938e+02,0.000000000000000000e+00,-6.368789999999999729e-01
2.400000000000000000e+01,1.000000000000000021e-08,3.162280000000000086e+02,2.295005519999999990e+02,0.000000000000000000e+00,-6.156540000000000346e-01
2.400000000000000000e+01,3.200000000000000199e-08,3.162280000000000086e+02,1.737289700000000039e+02,0.000000000000000000e+00,-5.884350000000000414e-01
2.400000000000000000e+01,9.999999999999999547e-08,3.162280000000000086e+02,1.301753449999999930e+02,0.000000000000000000e+00,-5.565919999999999757e-01
2.400000000000000000e+01,3.160000000000000238e-07,3.162280000000000086e+02,9.658361800000000130e+01,0.000000000000000000e+00,-5.214980000000000171e-01
2.400000000000000000e+01,9.999999999999999547e-07,3.162280000000000086e+02,7.090404700000000560e+01,0.000000000000000000e+00,-4.844890000000000030e-01
2.400000000000000000e+01,3.161999999999999965e-06,3.162280000000000086e+02,5.144020499999999885e+01,0.000000000000000000e+00,-4.464920000000000000e-01
2.400000000000000000e+01,1.000000000000000082e-05,3.162280000000000086e+02,3.682753699999999952e+01,0.000000000000000000e+00,-4.077419999999999933e-01
2.400000000000000000e+01,3.162299999999999860e-05,3.162280000000000086e+02,2.597428000000000026e+01,0.000000000000000000e+00,-3.673879999999999924e-01
2.400000000000000000e+01,1.000000000000000048e-04,3.162280000000000086e+02,1.801246400000000136e+01,0.000000000000000000e+00,-3.225709999999999966e-01
2.400000000000000000e+01,3.162279999999999952e-04,3.162280000000000086e+02,1.225771699999999953e+01,0.000000000000000000e+00,-2.664210000000000189e-01
2.400000000000000000e+01,1.000000000000000021e-03,3.162280000000000086e+02,8.177013000000000531e+00,0.000000000000000000e+00,-1.840859999999999996e-01
2.400000000000000000e+01,3.162278000000000137e-03,3.162280000000000086e+02,5.363610999999999684e+00,0.000000000000000000e+00,-4.585899999999999699e-02
2.400000000000000000e+01,1.000000000000000021e-02,3.162280000000000086e+02,3.516468999999999845e+00,0.000000000000000000e+00,1.999529999999999919e-01
2.400000000000000000e+01,3.162277899999999670e-02,3.162280000000000086e+02,2.406197999999999837e+00,0.000000000000000000e+00,6.085120000000000529e-01
2.400000000000000000e+01,1.000000010000000050e-01,3.162280000000000086e+02,1.745398999999999923e+00,0.000000000000000000e+00,1.067774999999999919e+00
2.400000000000000000e+01,3.162277640000000223e-01,3.162280000000000086e+02,8.595239999999999547e-01,0.000000000000000000e+00,7.956429999999999891e-01
2.400000000000000000e+01,1.000000000000000062e-09,1.000000000000000000e+03,5.760958789999999681e+02,0.000000000000000000e+00,-9.065050000000000052e-01
2.400000000000000000e+01,2.999999999999999980e-09,1.000000000000000000e+03,4.394556049999999914e+02,0.000000000000000000e+00,-8.397400000000000420e-01
2.400000000000000000e+01,1.000000000000000021e-08,1.000000000000000000e+03,3.308532609999999750e+02,0.000000000000000000e+00,-7.743020000000000458e-01
2.400000000000000000e+01,3.200000000000000199e-08,1.000000000000000000e+03,2.460383510000000058e+02,0.000000000000000000e+00,-7.107090000000000352e-01
2.400000000000000000e+01,9.999999999999999547e-08,1.000000000000000000e+03,1.809057630000000074e+02,0.000000000000000000e+00,-6.494790000000000285e-01
2.400000000000000000e+01,3.160000000000000238e-07,1.000000000000000000e+03,1.315987619999999936e+02,0.000000000000000000e+00,-5.911220000000000363e-01
2.400000000000000000e+01,9.999999999999999547e-07,1.000000000000000000e+03,9.464048400000000072e+01,0.000000000000000000e+00,-5.359399999999999720e-01
2.400000000000000000e+01,3.161999999999999965e-06,1.000000000000000000e+03,6.719747900000000129e+01,0.000000000000000000e+00,-4.838100000000000178e-01
2.400000000000000000e+01,1.000000000000000082e-05,1.000000000000000000e+03,4.703243400000000207e+01,0.000000000000000000e+00,-4.340589999999999726e-01
2.400000000000000000e+01,3.162299999999999860e-05,1.000000000000000000e+03,3.238932100000000247e+01,0.000000000000000000e+00,-3.849989999999999801e-01
2.400000000000000000e+01,1.000000000000000048e-04,1.000000000000000000e+03,2.189936600000000055e+01,0.000000000000000000e+00,-3.329199999999999937e-01
2.400000000000000000e+01,3.162279999999999952e-04,1.000000000000000000e+03,1.450465600000000066e+01,0.000000000000000000e+00,-2.699949999999999850e-01
2.400000000000000000e+01,1.000000000000000021e-03,1.000000000000000000e+03,9.396886999999999546e+00,0.000000000000000000e+00,-1.802910000000000068e-01
2.400000000000000000e+01,3.162278000000000137e-03,1.000000000000000000e+03,5.969031000000000198e+00,0.000000000000000000e+00,-3.329300000000000315e-02
2.400000000000000000e+01,1.000000000000000021e-02,1.000000000000000000e+03,3.775618999999999836e+00,0.000000000000000000e+00,2.213459999999999872e-01
2.400000000000000000e+01,3.162277899999999670e-02,1.000000000000000000e+03,2.481860000000000177e+00,0.000000000000000000e+00,6.296890000000000542e-01
2.400000000000000000e+01,1.000000010000000050e-01,1.000000000000000000e+03,1.721830999999999889e+00,0.000000000000000000e+00,1.056883999999999935e+00
2.400000000000000000e+01,3.162277640000000223e-01,1.000000000000000000e+03,7.983550000000000368e-01,0.000000000000000000e+00,7.399360000000000381e-01
2.400000000000000000e+01,1.000000000000000062e-09,3.162277999999999793e+03,8.043656059999999570e+02,0.000000000000000000e+00,-1.038057000000000007e+00
2.400000000000000000e+01,2.999999999999999980e-09,3.162277999999999793e+03,6.060310249999999996e+02,0.000000000000000000e+00,-9.398170000000000135e-01
2.400000000000000000e+01,1.000000000000000021e-08,3.162277999999999793e+03,4.500145749999999794e+02,0.000000000000000000e+00,-8.494279999999999609e-01
2.400000000000000000e+01,3.200000000000000199e-08,3.162277999999999793e+03,3.296519509999999968e+02,0.000000000000000000e+00,-7.664130000000000109e-01
2.400000000000000000e+01,9.999999999999999547e-08,3.162277999999999793e+03,2.385232139999999958e+02,0.000000000000000000e+00,-6.902960000000000207e-01
2.400000000000000000e+01,3.160000000000000238e-07,3.162277999999999793e+03,1.706243550000000084e+02,0.000000000000000000e+00,-6.205969999999999542e-01
2.400000000000000000e+01,9.999999999999999547e-07,3.162277999999999793e+03,1.205786899999999946e+02,0.000000000000000000e+00,-5.567670000000000119e-01
2.400000000000000000e+01,3.161999999999999965e-06,3.162277999999999793e+03,8.406307300000000282e+01,0.000000000000000000e+00,-4.980620000000000047e-01
2.400000000000000000e+01,1.000000000000000082e-05,3.162277999999999793e+03,5.771840699999999913e+01,0.000000000000000000e+00,-4.432559999999999834e-01
2.400000000000000000e+01,3.162299999999999860e-05,3.162277999999999793e+03,3.895185200000000236e+01,0.000000000000000000e+00,-3.901359999999999828e-01
2.400000000000000000e+01,1.000000000000000048e-04,3.162277999999999793e+03,2.577695800000000048e+01,0.000000000000000000e+00,-3.344210000000000238e-01
2.400000000000000000e+01,3.162279999999999952e-04,3.162277999999999793e+03,1.668532000000000082e+01,0.000000000000000000e+00,-2.675980000000000025e-01
2.400000000000000000e+01,1.000000000000000021e-03,3.162277999999999793e+03,1.054450800000000044e+01,0.000000000000000000e+00,-1.729400000000000104e-01
2.400000000000000000e+01,3.162278000000000137e-03,3.162277999999999793e+03,6.517750999999999628e+00,0.000000000000000000e+00,-1.944500000000000048e-02
2.400000000000000000e+01,1.000000000000000021e-02,3.162277999999999793e+03,3.998850000000000016e+00,0.000000000000000000e+00,2.416750000000000009e-01
2.400000000000000000e+01,3.162277899999999670e-02,3.162277999999999793e+03,2.540299999999999780e+00,0.000000000000000000e+00,6.480679999999999774e-01
2.400000000000000000e+01,1.000000010000000050e-01,3.162277999999999793e+03,1.696708000000000105e+00,0.000000000000000000e+00,1.045779000000000014e+00
2.400000000000000000e+01,3.162277640000000223e-01,3.162277999999999793e+03,7.465540000000000509e-01,0.000000000000000000e+00,6.928530000000000522e-01
2.400000000000000000e+01,1.000000000000000062e-09,1.000000000000000000e+04,1.071622824000000037e+03,0.000000000000000000e+00,-1.096891000000000060e+00
2.400000000000000000e+01,2.999999999999999980e-09,1.000000000000000000e+04,7.989057900000000245e+02,0.000000000000000000e+00,-9.829160000000000119e-01
2.400000000000000000e+01,1.000000000000000021e-08,1.000000000000000000e+04,5.862463920000000144e+02,0.000000000000000000e+00,-8.804729999999999501e-01
2.400000000000000000e+01,3.200000000000000199e-08,1.000000000000000000e+04,4.238914300000000139e+02,0.000000000000000000e+00,-7.884280000000000177e-01
2.400000000000000000e+01,9.999999999999999547e-08,1.000000000000000000e+04,3.024655270000000087e+02,0.000000000000000000e+00,-7.056480000000000530e-01
2.400000000000000000e+01,3.160000000000000238e-07,1.000000000000000000e+04,2.132343040000000087e+02,0.000000000000000000e+00,-6.310059999999999558e-01
2.400000000000000000e+01,9.999999999999999547e-07,1.000000000000000000e+04,1.484207209999999861e+02,0.000000000000000000e+00,-5.634970000000000256e-01
2.400000000000000000e+01,3.161999999999999965e-06,1.000000000000000000e+04,1.018451419999999956e+02,0.000000000000000000e+00,-5.020360000000000378e-01
2.400000000000000000e+01,1.000000000000000082e-05,1.000000000000000000e+04,6.877357100000000401e+01,0.000000000000000000e+00,-4.450899999999999856e-01
2.400000000000000000e+01,3.162299999999999860e-05,1.000000000000000000e+04,4.560527900000000301e+01,0.000000000000000000e+00,-3.901229999999999976e-01
2.400000000000000000e+01,1.000000000000000048e-04,1.000000000000000000e+04,2.962343600000000166e+01,0.000000000000000000e+00,-3.324630000000000085e-01
2.400000000000000000e+01,3.162279999999999952e-04,1.000000000000000000e+04,1.879722399999999993e+01,0.000000000000000000e+00,-2.630859999999999865e-01
2.400000000000000000e+01,1.000000000000000021e-03,1.000000000000000000e+04,1.162609400000000015e+01,0.000000000000000000e+00,-1.646630000000000038e-01
2.400000000000000000e+01,3.162278000000000137e-03,1.000000000000000000e+04,7.018188999999999567e+00,0.000000000000000000e+00,-5.912999999999999853e-03
2.400000000000000000e+01,1.000000000000000021e-02,1.000000000000000000e+04,4.193385000000000140e+00,0.000000000000000000e+00,2.602869999999999906e-01
2.400000000000000000e+01,3.162277899999999670e-02,1.000000000000000000e+04,2.586113999999999802e+00,0.000000000000000000e+00,6.638030000000000319e-01
2.400000000000000000e+01,1.000000010000000050e-01,1.000000000000000000e+04,1.671267999999999976e+00,0.000000000000000000e+00,1.034507000000000065e+00
2.400000000000000000e+01,3.162277640000000223e-01,1.000000000000000000e+04,7.020189999999999486e-01,0.000000000000000000e+00,6.523560000000000469e-01
2.400000000000000000e+01,1.000000000000000062e-09,3.162277500000000146e+04,1.377025619000000006e+03,0.000000000000000000e+00,-1.112424999999999997e+00
2.400000000000000000e+01,2.999999999999999980e-09,3.162277500000000146e+04,1.017228376000000026e+03,0.000000000000000000e+00,-9.954389999999999628e-01
2.400000000000000000e+01,1.000000000000000021e-08,3.162277500000000146e+04,7.387682999999999538e+02,0.000000000000000000e+00,-8.899540000000000228e-01
2.400000000000000000e+01,3.200000000000000199e-08,3.162277500000000146e+04,5.280973030000000108e+02,0.000000000000000000e+00,-7.950439999999999729e-01
2.400000000000000000e+01,9.999999999999999547e-08,3.162277500000000146e+04,3.722160900000000083e+02,0.000000000000000000e+00,-7.097799999999999665e-01
2.400000000000000000e+01,3.160000000000000238e-07,3.162277500000000146e+04,2.590536500000000046e+02,0.000000000000000000e+00,-6.332309999999999883e-01
2.400000000000000000e+01,9.999999999999999547e-07,3.162277500000000146e+04,1.779141879999999958e+02,0.000000000000000000e+00,-5.643409999999999815e-01
2.400000000000000000e+01,3.161999999999999965e-06,3.162277500000000146e+04,1.203870840000000015e+02,0.000000000000000000e+00,-5.018500000000000183e-01
2.400000000000000000e+01,1.000000000000000082e-05,3.162277500000000146e+04,8.011016399999999749e+01,0.000000000000000000e+00,-4.440540000000000043e-01
2.400000000000000000e+01,3.162299999999999860e-05,3.162277500000000146e+04,5.230740500000000281e+01,0.000000000000000000e+00,-3.882019999999999915e-01
2.400000000000000000e+01,1.000000000000000048e-04,3.162277500000000146e+04,3.342398800000000136e+01,0.000000000000000000e+00,-3.293320000000000136e-01
2.400000000000000000e+01,3.162279999999999952e-04,3.162277500000000146e+04,2.083994600000000119e+01,0.000000000000000000e+00,-2.580120000000000191e-01
2.400000000000000000e+01,1.000000000000000021e-03,3.162277500000000146e+04,1.264714400000000083e+01,0.000000000000000000e+00,-1.564339999999999897e-01
2.400000000000000000e+01,3.162278000000000137e-03,3.162277500000000146e+04,7.476868999999999765e+00,0.000000000000000000e+00,6.823000000000000072e-03
2.400000000000000000e+01,1.000000000000000021e-02,3.162277500000000146e+04,4.364412999999999876e+00,0.000000000000000000e+00,2.771739999999999760e-01
2.400000000000000000e+01,3.162277899999999670e-02,3.162277500000000146e+04,2.622323999999999877e+00,0.000000000000000000e+00,6.772829999999999684e-01
2.400000000000000000e+01,1.000000010000000050e-01,3.162277500000000146e+04,1.646104999999999929e+00,0.000000000000000000e+00,1.023204000000000002e+00
2.400000000000000000e+01,3.162277640000000223e-01,3.162277500000000146e+04,6.632360000000000477e-01,0.000000000000000000e+00,6.170440000000000369e-01
2.400000000000000000e+01,1.000000000000000062e-09,1.000000000000000000e+05,1.719608400999999958e+03,0.000000000000000000e+00,-1.120301999999999909e+00
2.400000000000000000e+01,2.999999999999999980e-09,1.000000000000000000e+05,1.260101047999999992e+03,0.000000000000000000e+00,-9.997850000000000348e-01
2.400000000000000000e+01,1.000000000000000021e-08,1.000000000000000000e+05,9.068036889999999630e+02,0.000000000000000000e+00,-8.919259999999999966e-01
2.400000000000000000e+01,3.200000000000000199e-08,1.000000000000000000e+05,6.416424190000000181e+02,0.000000000000000000e+00,-7.955189999999999761e-01
2.400000000000000000e+01,9.999999999999999547e-08,1.000000000000000000e+05,4.473028239999999869e+02,0.000000000000000000e+00,-7.093530000000000113e-01
2.400000000000000000e+01,3.160000000000000238e-07,1.000000000000000000e+05,3.077517609999999877e+02,0.000000000000000000e+00,-6.322240000000000082e-01
2.400000000000000000e+01,9.999999999999999547e-07,1.000000000000000000e+05,2.088437240000000088e+02,0.000000000000000000e+00,-5.629380000000000495e-01
2.400000000000000000e+01,3.161999999999999965e-06,1.000000000000000000e+05,1.395596130000000130e+02,0.000000000000000000e+00,-5.001430000000000042e-01
2.400000000000000000e+01,1.000000000000000082e-05,1.000000000000000000e+05,9.165840099999999779e+01,0.000000000000000000e+00,-4.420239999999999725e-01
2.400000000000000000e+01,3.162299999999999860e-05,1.000000000000000000e+05,5.902634900000000329e+01,0.000000000000000000e+00,-3.856800000000000228e-01
2.400000000000000000e+01,1.000000000000000048e-04,1.000000000000000000e+05,3.716859199999999674e+01,0.000000000000000000e+00,-3.259130000000000082e-01
2.400000000000000000e+01,3.162279999999999952e-04,1.000000000000000000e+05,2.281434700000000149e+01,0.000000000000000000e+00,-2.529420000000000002e-01
2.400000000000000000e+01,1.000000000000000021e-03,1.000000000000000000e+05,1.361257299999999937e+01,0.000000000000000000e+00,-1.485640000000000016e-01
2.400000000000000000e+01,3.162278000000000137e-03,1.000000000000000000e+05,7.899019000000000013e+00,0.000000000000000000e+00,1.868699999999999875e-02
2.400000000000000000e+01,1.000000000000000021e-02,1.000000000000000000e+05,4.515825999999999674e+00,0.000000000000000000e+00,2.925150000000000250e-01
2.400000000000000000e+01,3.162277899999999670e-02,1.000000000000000000e+05,2.651031999999999833e+00,0.000000000000000000e+00,6.888959999999999528e-01
2.400000000000000000e+01,1.000000010000000050e-01,1.000000000000000000e+05,1.621513999999999900e+00,0.000000000000000000e+00,1.011989000000000027e+00
2.400000000000000000e+01,3.162277640000000223e-01,1.000000000000000000e+05,6.290909999999999558e-01,0.000000000000000000e+00,5.859100000000000419e-01
2.400000000000000000e+01,1.000000000000000062e-09,3.162277810000000172e+05,2.098217833000000155e+03,0.000000000000000000e+00,-1.123961999999999906e+00
2.400000000000000000e+01,2.999999999999999980e-09,3.162277810000000172e+05,1.526559295999999904e+03,0.000000000000000000e+00,-1.000448000000000004e+00
2.400000000000000000e+01,1.000000000000000021e-08,3.162277810000000172e+05,1.089578381000000036e+03,0.000000000000000000e+00,-8.908700000000000507e-01
2.400000000000000000e+01,3.200000000000000199e-08,3.162277810000000172e+05,7.639339720000000398e+02,0.000000000000000000e+00,-7.936579999999999746e-01
2.400000000000000000e+01,9.999999999999999547e-08,3.162277810000000172e+05,5.272960960000000341e+02,0.000000000000000000e+00,-7.072450000000000125e-01
2.400000000000000000e+01,3.160000000000000238e-07,3.162277810000000172e+05,3.590367529999999761e+02,0.000000000000000000e+00,-6.300729999999999942e-01
2.400000000000000000e+01,9.999999999999999547e-07,3.162277810000000172e+05,2.410246579999999881e+02,0.000000000000000000e+00,-5.607830000000000314e-01
2.400000000000000000e+01,3.161999999999999965e-06,3.162277810000000172e+05,1.592552149999999926e+02,0.000000000000000000e+00,-4.979669999999999930e-01
2.400000000000000000e+01,1.000000000000000082e-05,3.162277810000000172e+05,1.033623149999999953e+02,0.000000000000000000e+00,-4.397309999999999830e-01
2.400000000000000000e+01,3.162299999999999860e-05,3.162277810000000172e+05,6.573788600000000315e+01,0.000000000000000000e+00,-3.830509999999999748e-01
2.400000000000000000e+01,1.000000000000000048e-04,3.162277810000000172e+05,4.085062500000000085e+01,0.000000000000000000e+00,-3.225219999999999754e-01
2.400000000000000000e+01,3.162279999999999952e-04,3.162277810000000172e+05,2.472210499999999911e+01,0.000000000000000000e+00,-2.480610000000000037e-01
2.400000000000000000e+01,1.000000000000000021e-03,3.162277810000000172e+05,1.452681399999999989e+01,0.000000000000000000e+00,-1.411219999999999974e-01
2.400000000000000000e+01,3.162278000000000137e-03,3.162277810000000172e+05,8.288947999999999539e+00,0.000000000000000000e+00,2.973400000000000001e-02
2.400000000000000000e+01,1.000000000000000021e-02,3.162277810000000172e+05,4.650650999999999868e+00,0.000000000000000000e+00,3.065120000000000067e-01
2.400000000000000000e+01,3.162277899999999670e-02,3.162277810000000172e+05,2.673770000000000202e+00,0.000000000000000000e+00,6.989640000000000297e-01
2.400000000000000000e+01,1.000000010000000050e-01,3.162277810000000172e+05,1.597644000000000064e+00,0.000000000000000000e+00,1.000944999999999974e+00
2.400000000000000000e+01,3.162277640000000223e-01,3.162277810000000172e+05,5.987470000000000292e-01,0.000000000000000000e+00,5.582019999999999760e-01
2.400000000000000000e+01,1.000000000000000062e-09,1.000000000000000000e+06,2.511683329999999842e+03,0.000000000000000000e+00,-1.116452999999999918e+00
2.400000000000000000e+01,2.999999999999999980e-09,1.000000000000000000e+06,1.815651591000000053e+03,0.000000000000000000e+00,-9.954410000000000203e-01
2.400000000000000000e+01,1.000000000000000021e-08,1.000000000000000000e+06,1.286349285000000009e+03,0.000000000000000000e+00,-8.872919999999999696e-01
2.400000000000000000e+01,3.200000000000000199e-08,1.000000000000000000e+06,8.944181650000000445e+02,0.000000000000000000e+00,-7.907640000000000224e-01
2.400000000000000000e+01,9.999999999999999547e-08,1.000000000000000000e+06,6.118053139999999530e+02,0.000000000000000000e+00,-7.046170000000000488e-01
2.400000000000000000e+01,3.160000000000000238e-07,1.000000000000000000e+06,4.126502780000000143e+02,0.000000000000000000e+00,-6.276059999999999972e-01
2.400000000000000000e+01,9.999999999999999547e-07,1.000000000000000000e+06,2.742978100000000268e+02,0.000000000000000000e+00,-5.584550000000000347e-01
2.400000000000000000e+01,3.161999999999999965e-06,1.000000000000000000e+06,1.793838609999999960e+02,0.000000000000000000e+00,-4.957190000000000207e-01
2.400000000000000000e+01,1.000000000000000082e-05,1.000000000000000000e+06,1.151767119999999949e+02,0.000000000000000000e+00,-4.374410000000000243e-01
2.400000000000000000e+01,3.162299999999999860e-05,1.000000000000000000e+06,7.242356300000000147e+01,0.000000000000000000e+00,-3.804839999999999889e-01
2.400000000000000000e+01,1.000000000000000048e-04,1.000000000000000000e+06,4.446591399999999794e+01,0.000000000000000000e+00,-3.192610000000000170e-01
2.400000000000000000e+01,3.162279999999999952e-04,1.000000000000000000e+06,2.656541599999999903e+01,0.000000000000000000e+00,-2.434109999999999885e-01
2.400000000000000000e+01,1.000000000000000021e-03,1.000000000000000000e+06,1.539388699999999943e+01,0.000000000000000000e+00,-1.340959999999999930e-01
2.400000000000000000e+01,3.162278000000000137e-03,1.000000000000000000e+06,8.650270000000000792e+00,0.000000000000000000e+00,4.004900000000000126e-02
2.400000000000000000e+01,1.000000000000000021e-02,1.000000000000000000e+06,4.771296000000000426e+00,0.000000000000000000e+00,3.193489999999999940e-01
2.400000000000000000e+01,3.162277899999999670e-02,1.000000000000000000e+06,2.691688000000000081e+00,0.000000000000000000e+00,7.077489999999999615e-01
2.400000000000000000e+01,1.000000010000000050e-01,1.000000000000000000e+06,1.574561000000000099e+00,0.000000000000000000e+00,9.901269999999999794e-01
2.400000000000000000e+01,3.162277640000000223e-01,1.000000000000000000e+06,5.715639999999999610e-01,0.000000000000000000e+00,5.333470000000000155e-01
2.400000000000000000e+01,1.000000000000000062e-09,3.162277750000000000e+06,2.958790315000000192e+03,0.000000000000000000e+00,-1.117752999999999997e+00
2.400000000000000000e+01,2.999999999999999980e-09,3.162277750000000000e+06,2.126431497000000036e+03,0.000000000000000000e+00,-9.942180000000000462e-01
2.400000000000000000e+01,1.000000000000000021e-08,3.162277750000000000e+06,1.496402779000000010e+03,0.000000000000000000e+00,-8.848240000000000549e-01
2.400000000000000000e+01,3.200000000000000199e-08,3.162277750000000000e+06,1.032578682000000072e+03,0.000000000000000000e+00,-7.879340000000000233e-01
2.400000000000000000e+01,9.999999999999999547e-08,3.162277750000000000e+06,7.004757290000000012e+02,0.000000000000000000e+00,-7.019119999999999804e-01
2.400000000000000000e+01,3.160000000000000238e-07,3.162277750000000000e+06,4.683632499999999936e+02,0.000000000000000000e+00,-6.251299999999999635e-01
2.400000000000000000e+01,9.999999999999999547e-07,3.162277750000000000e+06,3.085254330000000209e+02,0.000000000000000000e+00,-5.561660000000000492e-01
2.400000000000000000e+01,3.161999999999999965e-06,3.162277750000000000e+06,1.998697449999999947e+02,0.000000000000000000e+00,-4.935390000000000055e-01
2.400000000000000000e+01,1.000000000000000082e-05,3.162277750000000000e+06,1.270648719999999940e+02,0.000000000000000000e+00,-4.352389999999999870e-01
2.400000000000000000e+01,3.162299999999999860e-05,3.162277750000000000e+06,7.906930599999999743e+01,0.000000000000000000e+00,-3.780299999999999772e-01
2.400000000000000000e+01,1.000000000000000048e-04,3.162277750000000000e+06,4.801203999999999894e+01,0.000000000000000000e+00,-3.161519999999999886e-01
2.400000000000000000e+01,3.162279999999999952e-04,3.162277750000000000e+06,2.834675299999999964e+01,0.000000000000000000e+00,-2.389910000000000090e-01
2.400000000000000000e+01,1.000000000000000021e-03,3.162277750000000000e+06,1.621743100000000126e+01,0.000000000000000000e+00,-1.274500000000000077e-01
2.400000000000000000e+01,3.162278000000000137e-03,3.162277750000000000e+06,8.986053999999999320e+00,0.000000000000000000e+00,4.971300000000000024e-02
2.400000000000000000e+01,1.000000000000000021e-02,3.162277750000000000e+06,4.879716000000000165e+00,0.000000000000000000e+00,3.311799999999999744e-01
2.400000000000000000e+01,3.162277899999999670e-02,3.162277750000000000e+06,2.705667000000000044e+00,0.000000000000000000e+00,7.154570000000000096e-01
2.400000000000000000e+01,1.000000010000000050e-01,3.162277750000000000e+06,1.552287999999999890e+00,0.000000000000000000e+00,9.795650000000000190e-01
2.400000000000000000e+01,3.162277640000000223e-01,3.162277750000000000e+06,5.470439999999999747e-01,0.000000000000000000e+00,5.108970000000000455e-01
2.400000000000000000e+01,1.000000000000000062e-09,1.000000000000000000e+07,3.438347831999999926e+03,0.000000000000000000e+00,-1.111221999999999932e+00
2.400000000000000000e+01,2.999999999999999980e-09,1.000000000000000000e+07,2.457986631000000216e+03,0.000000000000000000e+00,-9.894749999999999934e-01
2.400000000000000000e+01,1.000000000000000021e-08,1.000000000000000000e+07,1.719063593000000083e+03,0.000000000000000000e+00,-8.812020000000000408e-01
2.400000000000000000e+01,3.200000000000000199e-08,1.000000000000000000e+07,1.177936535000000049e+03,0.000000000000000000e+00,-7.849549999999999583e-01
2.400000000000000000e+01,9.999999999999999547e-08,1.000000000000000000e+07,7.929849550000000136e+02,0.000000000000000000e+00,-6.992880000000000207e-01
2.400000000000000000e+01,3.160000000000000238e-07,1.000000000000000000e+07,5.259719300000000430e+02,0.000000000000000000e+00,-6.227549999999999475e-01
2.400000000000000000e+01,9.999999999999999547e-07,1.000000000000000000e+07,3.435877590000000055e+02,0.000000000000000000e+00,-5.539800000000000280e-01
2.400000000000000000e+01,3.161999999999999965e-06,1.000000000000000000e+07,2.206486629999999991e+02,0.000000000000000000e+00,-4.914660000000000140e-01
2.400000000000000000e+01,1.000000000000000082e-05,1.000000000000000000e+07,1.389967959999999891e+02,0.000000000000000000e+00,-4.331479999999999775e-01
2.400000000000000000e+01,3.162299999999999860e-05,1.000000000000000000e+07,8.566438300000000083e+01,0.000000000000000000e+00,-3.756970000000000032e-01
2.400000000000000000e+01,1.000000000000000048e-04,1.000000000000000000e+07,5.148783499999999691e+01,0.000000000000000000e+00,-3.131909999999999972e-01
2.400000000000000000e+01,3.162279999999999952e-04,1.000000000000000000e+07,3.006872200000000106e+01,0.000000000000000000e+00,-2.347819999999999907e-01
2.400000000000000000e+01,1.000000000000000021e-03,1.000000000000000000e+07,1.700073799999999835e+01,0.000000000000000000e+00,-1.211490000000000067e-01
2.400000000000000000e+01,3.162278000000000137e-03,1.000000000000000000e+07,9.298930000000000362e+00,0.000000000000000000e+00,5.879999999999999810e-02
2.400000000000000000e+01,1.000000000000000021e-02,1.000000000000000000e+07,4.977515000000000356e+00,0.000000000000000000e+00,3.421339999999999937e-01
2.400000000000000000e+01,3.162277899999999670e-02,1.000000000000000000e+07,2.716401999999999983e+00,0.000000000000000000e+00,7.222509999999999764e-01
2.400000000000000000e+01,1.000000010000000050e-01,1.000000000000000000e+07,1.530823999999999963e+00,0.000000000000000000e+00,9.692770000000000552e-01
2.400000000000000000e+01,3.162277640000000223e-01,1.000000000000000000e+07,5.247889999999999500e-01,0.000000000000000000e+00,4.904979999999999896e-01
2.400000000000000000e+01,1.000000000000000062e-09,3.162277800000000000e+07,3.949130490999999893e+03,0.000000000000000000e+00,-1.086422999999999917e+00
2.400000000000000000e+01,2.999999999999999980e-09,3.162277800000000000e+07,2.809411762000000181e+03,0.000000000000000000e+00,-9.762420000000000542e-01
2.400000000000000000e+01,1.000000000000000021e-08,3.162277800000000000e+07,1.953683598000000075e+03,0.000000000000000000e+00,-8.745990000000000153e-01
2.400000000000000000e+01,3.200000000000000199e-08,3.162277800000000000e+07,1.330044969999999921e+03,0.000000000000000000e+00,-7.814579999999999860e-01
2.400000000000000000e+01,9.999999999999999547e-08,3.162277800000000000e+07,8.890392349999999624e+02,0.000000000000000000e+00,-6.967780000000000085e-01
2.400000000000000000e+01,3.160000000000000238e-07,3.162277800000000000e+07,5.852943910000000187e+02,0.000000000000000000e+00,-6.204979999999999940e-01
2.400000000000000000e+01,9.999999999999999547e-07,3.162277800000000000e+07,3.793801159999999868e+02,0.000000000000000000e+00,-5.519070000000000364e-01
2.400000000000000000e+01,3.161999999999999965e-06,3.162277800000000000e+07,2.416659270000000106e+02,0.000000000000000000e+00,-4.895039999999999947e-01
2.400000000000000000e+01,1.000000000000000082e-05,3.162277800000000000e+07,1.509478550000000041e+02,0.000000000000000000e+00,-4.311670000000000225e-01
2.400000000000000000e+01,3.162299999999999860e-05,3.162277800000000000e+07,9.220064999999999600e+01,0.000000000000000000e+00,-3.734779999999999767e-01
2.400000000000000000e+01,1.000000000000000048e-04,3.162277800000000000e+07,5.489304299999999870e+01,0.000000000000000000e+00,-3.103659999999999752e-01
2.400000000000000000e+01,3.162279999999999952e-04,3.162277800000000000e+07,3.173396500000000131e+01,0.000000000000000000e+00,-2.307649999999999979e-01
2.400000000000000000e+01,1.000000000000000021e-03,3.162277800000000000e+07,1.774679199999999923e+01,0.000000000000000000e+00,-1.151569999999999955e-01
2.400000000000000000e+01,3.162278000000000137e-03,3.162277800000000000e+07,9.591165999999999414e+00,0.000000000000000000e+00,6.737400000000000333e-02
2.400000000000000000e+01,1.000000000000000021e-02,3.162277800000000000e+07,5.066029000000000337e+00,0.000000000000000000e+00,3.523149999999999893e-01
2.400000000000000000e+01,3.162277899999999670e-02,3.162277800000000000e+07,2.724438999999999833e+00,0.000000000000000000e+00,7.282640000000000224e-01
2.400000000000000000e+01,1.000000010000000050e-01,3.162277800000000000e+07,1.510150000000000103e+00,0.000000000000000000e+00,9.592699999999999561e-01
2.400000000000000000e+01,3.162277640000000223e-01,3.162277800000000000e+07,5.044819999999999860e-01,0.000000000000000000e+00,4.718629999999999769e-01
2.400000000000000000e+01,1.000000000000000062e-09,1.000000000000000000e+08,4.489999536999999691e+03,0.000000000000000000e+00,-1.026558999999999999e+00
2.400000000000000000e+01,2.999999999999999980e-09,1.000000000000000000e+08,3.179863084999999955e+03,0.000000000000000000e+00,-9.471239999999999659e-01
2.400000000000000000e+01,1.000000000000000021e-08,1.000000000000000000e+08,2.199659642999999960e+03,0.000000000000000000e+00,-8.626679999999999904e-01
2.400000000000000000e+01,3.200000000000000199e-08,1.000000000000000000e+08,1.488491209000000026e+03,0.000000000000000000e+00,-7.771209999999999507e-01
2.400000000000000000e+01,9.999999999999999547e-08,1.000000000000000000e+08,9.883707829999999603e+02,0.000000000000000000e+00,-6.944150000000000045e-01
2.400000000000000000e+01,3.160000000000000238e-07,1.000000000000000000e+08,6.461678060000000414e+02,0.000000000000000000e+00,-6.183650000000000535e-01
2.400000000000000000e+01,9.999999999999999547e-07,1.000000000000000000e+08,4.158107049999999845e+02,0.000000000000000000e+00,-5.499530000000000252e-01
2.400000000000000000e+01,3.161999999999999965e-06,1.000000000000000000e+08,2.628747470000000135e+02,0.000000000000000000e+00,-4.876449999999999951e-01
2.400000000000000000e+01,1.000000000000000082e-05,1.000000000000000000e+08,1.628977490000000046e+02,0.000000000000000000e+00,-4.292839999999999989e-01
2.400000000000000000e+01,3.162299999999999860e-05,1.000000000000000000e+08,9.867196400000000267e+01,0.000000000000000000e+00,-3.713650000000000007e-01
2.400000000000000000e+01,1.000000000000000048e-04,1.000000000000000000e+08,5.822805199999999815e+01,0.000000000000000000e+00,-3.076659999999999950e-01
2.400000000000000000e+01,3.162279999999999952e-04,1.000000000000000000e+08,3.334509200000000106e+01,0.000000000000000000e+00,-2.269239999999999868e-01
2.400000000000000000e+01,1.000000000000000021e-03,1.000000000000000000e+08,1.845829399999999865e+01,0.000000000000000000e+00,-1.094439999999999996e-01
2.400000000000000000e+01,3.162278000000000137e-03,1.000000000000000000e+08,9.864734000000000336e+00,0.000000000000000000e+00,7.548699999999999855e-02
2.400000000000000000e+01,1.000000000000000021e-02,1.000000000000000000e+08,5.146377000000000201e+00,0.000000000000000000e+00,3.618140000000000245e-01
2.400000000000000000e+01,3.162277899999999670e-02,1.000000000000000000e+08,2.730220000000000091e+00,0.000000000000000000e+00,7.336049999999999516e-01
2.400000000000000000e+01,1.000000010000000050e-01,1.000000000000000000e+08,1.490239000000000091e+00,0.000000000000000000e+00,9.495460000000000012e-01
2.400000000000000000e+01,3.162277640000000223e-01,1.000000000000000000e+08,4.858620000000000161e-01,0.000000000000000000e+00,4.547590000000000243e-01
2.400000000000000000e+01,1.000000000000000062e-09,3.162277760000000000e+08,5.059170984000000317e+03,0.000000000000000000e+00,3.177499999999999769e-02
2.400000000000000000e+01,2.999999999999999980e-09,3.162277760000000000e+08,3.568206684000000223e+03,0.000000000000000000e+00,-4.628160000000000052e-01
2.400000000000000000e+01,1.000000000000000021e-08,3.162277760000000000e+08,2.456300734999999804e+03,0.000000000000000000e+00,-6.948490000000000499e-01
2.400000000000000000e+01,3.200000000000000199e-08,3.162277760000000000e+08,1.652863133000000062e+03,0.000000000000000000e+00,-7.446199999999999486e-01
2.400000000000000000e+01,9.999999999999999547e-08,3.162277760000000000e+08,1.090730575999999928e+03,0.000000000000000000e+00,-6.924249999999999572e-01
2.400000000000000000e+01,3.160000000000000238e-07,3.162277760000000000e+08,7.084431959999999435e+02,0.000000000000000000e+00,-6.163490000000000357e-01
2.400000000000000000e+01,9.999999999999999547e-07,3.162277760000000000e+08,4.527969820000000141e+02,0.000000000000000000e+00,-5.481190000000000229e-01
2.400000000000000000e+01,3.161999999999999965e-06,3.162277760000000000e+08,2.842339210000000094e+02,0.000000000000000000e+00,-4.858100000000000196e-01
2.400000000000000000e+01,1.000000000000000082e-05,3.162277760000000000e+08,1.748291539999999884e+02,0.000000000000000000e+00,-4.274680000000000146e-01
2.400000000000000000e+01,3.162299999999999860e-05,3.162277760000000000e+08,1.050734829999999960e+02,0.000000000000000000e+00,-3.693299999999999916e-01
2.400000000000000000e+01,1.000000000000000048e-04,3.162277760000000000e+08,6.149365199999999732e+01,0.000000000000000000e+00,-3.050740000000000118e-01
2.400000000000000000e+01,3.162279999999999952e-04,3.162277760000000000e+08,3.490465100000000120e+01,0.000000000000000000e+00,-2.232389999999999930e-01
2.400000000000000000e+01,1.000000000000000021e-03,3.162277760000000000e+08,1.913772600000000068e+01,0.000000000000000000e+00,-1.039810000000000040e-01
2.400000000000000000e+01,3.162278000000000137e-03,3.162277760000000000e+08,1.012139299999999942e+01,0.000000000000000000e+00,8.318599999999999606e-02
2.400000000000000000e+01,1.000000000000000021e-02,3.162277760000000000e+08,5.219530999999999921e+00,0.000000000000000000e+00,3.707050000000000067e-01
2.400000000000000000e+01,3.162277899999999670e-02,3.162277760000000000e+08,2.734113999999999933e+00,0.000000000000000000e+00,7.383640000000000203e-01
2.400000000000000000e+01,1.000000010000000050e-01,3.162277760000000000e+08,1.471062000000000092e+00,0.000000000000000000e+00,9.401019999999999932e-01
2.400000000000000000e+01,3.162277640000000223e-01,3.162277760000000000e+08,4.687109999999999888e-01,0.000000000000000000e+00,4.389890000000000181e-01
