2.300000000000000000e+01,1.000000000000000062e-09,1.000000000000000000e+00,4.184897999999999563e+00,6.699699999999999545e-01,-3.658499999999999946e-02
2.300000000000000000e+01,2.999999999999999980e-09,1.000000000000000000e+00,3.775040000000000173e+00,5.437840000000000451e-01,-3.288499999999999757e-02
2.300000000000000000e+01,1.000000000000000021e-08,1.000000000000000000e+00,3.420860999999999930e+00,4.590569999999999928e-01,-2.919400000000000120e-02
2.300000000000000000e+01,3.200000000000000199e-08,1.000000000000000000e+00,3.108190000000000008e+00,3.838610000000000078e-01,-2.546100000000000099e-02
2.300000000000000000e+01,9.999999999999999547e-08,1.000000000000000000e+00,2.809994000000000103e+00,3.221330000000000027e-01,-2.163100000000000092e-02
2.300000000000000000e+01,3.160000000000000238e-07,1.000000000000000000e+00,2.518267999999999951e+00,2.833729999999999860e-01,-1.764200000000000143e-02
2.300000000000000000e+01,9.999999999999999547e-07,1.000000000000000000e+00,2.278109000000000162e+00,2.684279999999999999e-01,-1.341299999999999958e-02
2.300000000000000000e+01,3.161999999999999965e-06,1.000000000000000000e+00,2.080818999999999974e+00,2.568840000000000012e-01,-8.821999999999999981e-03
2.300000000000000000e+01,1.000000000000000082e-05,1.000000000000000000e+00,1.909353999999999996e+00,2.528960000000000097e-01,-3.664999999999999855e-03
2.300000000000000000e+01,3.162299999999999860e-05,1.000000000000000000e+00,1.766157999999999895e+00,2.616589999999999749e-01,2.462000000000000213e-03
2.300000000000000000e+01,1.000000000000000048e-04,1.000000000000000000e+00,1.648374999999999924e+00,2.816600000000000215e-01,1.043799999999999936e-02
2.300000000000000000e+01,3.162279999999999952e-04,1.000000000000000000e+00,1.553144000000000080e+00,3.138630000000000031e-01,2.212700000000000083e-02
2.300000000000000000e+01,1.000000000000000021e-03,1.000000000000000000e+00,1.475217000000000001e+00,3.589010000000000256e-01,4.137099999999999805e-02
2.300000000000000000e+01,3.162278000000000137e-03,1.000000000000000000e+00,1.403550000000000075e+00,4.150400000000000200e-01,7.558399999999999841e-02
2.300000000000000000e+01,1.000000000000000021e-02,1.000000000000000000e+00,1.316141000000000005e+00,4.692290000000000072e-01,1.381840000000000013e-01
2.300000000000000000e+01,3.162277899999999670e-02,1.000000000000000000e+00,1.180225000000000080e+00,4.754289999999999905e-01,2.532789999999999764e-01
2.300000000000000000e+01,1.000000010000000050e-01,1.000000000000000000e+00,9.855120000000000546e-01,3.479269999999999863e-01,4.585529999999999884e-01
2.300000000000000000e+01,3.162277640000000223e-01,1.000000000000000000e+00,6.696830000000000283e-01,1.010970000000000063e-01,5.719880000000000519e-01
2.300000000000000000e+01,1.000000000000000062e-09,3.161999999999999922e+00,1.811693899999999857e+01,4.714343999999999646e+00,-1.456810000000000049e-01
2.300000000000000000e+01,2.999999999999999980e-09,3.161999999999999922e+00,1.575605700000000020e+01,4.121185999999999794e+00,-1.032430000000000014e-01
2.300000000000000000e+01,1.000000000000000021e-08,3.161999999999999922e+00,1.366266399999999948e+01,3.593958999999999904e+00,-6.662899999999999379e-02
2.300000000000000000e+01,3.200000000000000199e-08,3.161999999999999922e+00,1.180720799999999926e+01,3.127695999999999810e+00,-3.527999999999999886e-02
2.300000000000000000e+01,9.999999999999999547e-08,3.161999999999999922e+00,1.015900199999999920e+01,2.717896999999999785e+00,-8.640000000000000110e-03
2.300000000000000000e+01,3.160000000000000238e-07,3.161999999999999922e+00,8.698465999999999809e+00,2.360139000000000209e+00,1.385400000000000000e-02
2.300000000000000000e+01,9.999999999999999547e-07,3.161999999999999922e+00,7.428035999999999639e+00,2.046222999999999903e+00,3.275900000000000339e-02
2.300000000000000000e+01,3.161999999999999965e-06,3.161999999999999922e+00,6.326675999999999966e+00,1.765865999999999936e+00,4.862699999999999662e-02
2.300000000000000000e+01,1.000000000000000082e-05,3.161999999999999922e+00,5.363998999999999739e+00,1.517848000000000086e+00,6.207599999999999923e-02
2.300000000000000000e+01,3.162299999999999860e-05,3.161999999999999922e+00,4.526634999999999742e+00,1.299633999999999956e+00,7.395599999999999397e-02
2.300000000000000000e+01,1.000000000000000048e-04,3.161999999999999922e+00,3.799561000000000188e+00,1.107420999999999989e+00,8.566500000000000503e-02
2.300000000000000000e+01,3.162279999999999952e-04,3.161999999999999922e+00,3.169030999999999931e+00,9.382660000000000444e-01,9.978499999999999870e-02
2.300000000000000000e+01,1.000000000000000021e-03,3.161999999999999922e+00,2.621960000000000068e+00,7.889279999999999626e-01,1.213130000000000042e-01
2.300000000000000000e+01,3.162278000000000137e-03,3.161999999999999922e+00,2.145843000000000167e+00,6.547629999999999839e-01,1.598789999999999933e-01
2.300000000000000000e+01,1.000000000000000021e-02,3.161999999999999922e+00,1.730534000000000017e+00,5.268270000000000453e-01,2.331709999999999894e-01
2.300000000000000000e+01,3.162277899999999670e-02,3.161999999999999922e+00,1.372446999999999973e+00,3.875399999999999956e-01,3.680700000000000083e-01
2.300000000000000000e+01,1.000000010000000050e-01,3.161999999999999922e+00,1.055784000000000056e+00,2.167169999999999930e-01,5.608490000000000419e-01
2.300000000000000000e+01,3.162277640000000223e-01,3.161999999999999922e+00,5.623200000000000420e-01,4.622600000000000320e-02,4.872759999999999869e-01
2.300000000000000000e+01,1.000000000000000062e-09,1.000000000000000000e+01,5.792497399999999885e+01,1.629398000000000124e+01,-1.270494999999999930e+00
2.300000000000000000e+01,2.999999999999999980e-09,1.000000000000000000e+01,4.799933200000000255e+01,1.354902500000000032e+01,-9.910609999999999697e-01
2.300000000000000000e+01,1.000000000000000021e-08,1.000000000000000000e+01,3.954403400000000346e+01,1.119663000000000075e+01,-7.560029999999999806e-01
2.300000000000000000e+01,3.200000000000000199e-08,1.000000000000000000e+01,3.238662099999999811e+01,9.196808000000000760e+00,-5.604710000000000525e-01
2.300000000000000000e+01,9.999999999999999547e-08,1.000000000000000000e+01,2.636239799999999889e+01,7.508949000000000318e+00,-3.996310000000000140e-01
2.300000000000000000e+01,3.160000000000000238e-07,1.000000000000000000e+01,2.132430499999999896e+01,6.092209000000000430e+00,-2.686850000000000072e-01
2.300000000000000000e+01,9.999999999999999547e-07,1.000000000000000000e+01,1.714463800000000049e+01,4.907283999999999757e+00,-1.630530000000000035e-01
2.300000000000000000e+01,3.161999999999999965e-06,1.000000000000000000e+01,1.369109699999999918e+01,3.918979000000000212e+00,-7.866099999999999481e-02
2.300000000000000000e+01,1.000000000000000082e-05,1.000000000000000000e+01,1.084596200000000010e+01,3.099546000000000134e+00,-1.182500000000000044e-02
2.300000000000000000e+01,3.162299999999999860e-05,1.000000000000000000e+01,8.517274999999999707e+00,2.424309000000000047e+00,4.098899999999999766e-02
2.300000000000000000e+01,1.000000000000000048e-04,1.000000000000000000e+01,6.623688999999999716e+00,1.871153999999999984e+00,8.358400000000000551e-02
2.300000000000000000e+01,3.162279999999999952e-04,1.000000000000000000e+01,5.095735999999999599e+00,1.420995000000000008e+00,1.207980000000000026e-01
2.300000000000000000e+01,1.000000000000000021e-03,1.000000000000000000e+01,3.874217999999999940e+00,1.056828000000000101e+00,1.599119999999999986e-01
2.300000000000000000e+01,3.162278000000000137e-03,1.000000000000000000e+01,2.908865000000000034e+00,7.628139999999999921e-01,2.130420000000000091e-01
2.300000000000000000e+01,1.000000000000000021e-02,1.000000000000000000e+01,2.156988000000000127e+00,5.229230000000000267e-01,3.000749999999999806e-01
2.300000000000000000e+01,3.162277899999999670e-02,1.000000000000000000e+01,1.579409999999999981e+00,3.208670000000000133e-01,4.446060000000000012e-01
2.300000000000000000e+01,1.000000010000000050e-01,1.000000000000000000e+01,1.106646000000000019e+00,1.485950000000000049e-01,6.109560000000000546e-01
2.300000000000000000e+01,3.162277640000000223e-01,1.000000000000000000e+01,4.950530000000000208e-01,2.766499999999999862e-02,4.337400000000000144e-01
2.300000000000000000e+01,1.000000000000000062e-09,3.162300000000000111e+01,1.287464659999999981e+02,3.490671400000000091e+01,-1.573496999999999924e+00
2.300000000000000000e+01,2.999999999999999980e-09,3.162300000000000111e+01,1.033539949999999976e+02,2.804075999999999880e+01,-1.174665999999999988e+00
2.300000000000000000e+01,1.000000000000000021e-08,3.162300000000000111e+01,8.231894300000000442e+01,2.232220699999999880e+01,-8.486329999999999707e-01
2.300000000000000000e+01,3.200000000000000199e-08,3.162300000000000111e+01,6.506321599999999705e+01,1.761637400000000042e+01,-5.863530000000000131e-01
2.300000000000000000e+01,9.999999999999999547e-08,3.162300000000000111e+01,5.103726199999999835e+01,1.378610600000000019e+01,-3.788290000000000268e-01
2.300000000000000000e+01,3.160000000000000238e-07,3.162300000000000111e+01,3.973152300000000281e+01,1.069399199999999972e+01,-2.171980000000000022e-01
2.300000000000000000e+01,9.999999999999999547e-07,3.162300000000000111e+01,3.068516400000000033e+01,8.213312000000000168e+00,-9.316000000000000669e-02
2.300000000000000000e+01,3.161999999999999965e-06,3.162300000000000111e+01,2.348920499999999834e+01,6.236138999999999655e+00,4.510000000000000120e-04
2.300000000000000000e+01,1.000000000000000082e-05,3.162300000000000111e+01,1.780077500000000157e+01,4.672943000000000069e+00,6.983699999999999630e-02
2.300000000000000000e+01,3.162299999999999860e-05,3.162300000000000111e+01,1.334056600000000081e+01,3.447998999999999814e+00,1.206050000000000039e-01
2.300000000000000000e+01,1.000000000000000048e-04,3.162300000000000111e+01,9.874295999999999296e+00,2.497491000000000128e+00,1.582969999999999933e-01
2.300000000000000000e+01,3.162279999999999952e-04,3.162300000000000111e+01,7.208204000000000278e+00,1.768154999999999921e+00,1.892919999999999880e-01
2.300000000000000000e+01,1.000000000000000021e-03,3.162300000000000111e+01,5.182756999999999614e+00,1.215368000000000004e+00,2.223370000000000068e-01
2.300000000000000000e+01,3.162278000000000137e-03,3.162300000000000111e+01,3.667165999999999926e+00,8.015050000000000230e-01,2.709409999999999874e-01
2.300000000000000000e+01,1.000000000000000021e-02,3.162300000000000111e+01,2.553837999999999830e+00,4.944760000000000266e-01,3.555019999999999847e-01
2.300000000000000000e+01,3.162277899999999670e-02,3.162300000000000111e+01,1.748607000000000022e+00,2.680319999999999925e-01,4.947929999999999828e-01
2.300000000000000000e+01,1.000000010000000050e-01,3.162300000000000111e+01,1.129920999999999953e+00,1.077449999999999936e-01,6.300769999999999982e-01
2.300000000000000000e+01,3.162277640000000223e-01,3.162300000000000111e+01,4.425930000000000142e-01,1.735300000000000037e-02,3.905120000000000258e-01
2.300000000000000000e+01,1.000000000000000062e-09,1.000000000000000000e+02,2.341344929999999920e+02,5.922488700000000250e+01,-1.684803000000000051e+00
2.300000000000000000e+01,2.999999999999999980e-09,1.000000000000000000e+02,1.837126320000000135e+02,4.640354299999999910e+01,-1.211551000000000045e+00
2.300000000000000000e+01,1.000000000000000021e-08,1.000000000000000000e+02,1.427622069999999894e+02,3.594131900000000002e+01,-8.333289999999999864e-01
2.300000000000000000e+01,3.200000000000000199e-08,1.000000000000000000e+02,1.099190140000000042e+02,2.753757500000000036e+01,-5.371409999999999796e-01
2.300000000000000000e+01,9.999999999999999547e-08,1.000000000000000000e+02,8.388943799999999840e+01,2.088459999999999894e+01,-3.100890000000000035e-01
2.300000000000000000e+01,3.160000000000000238e-07,1.000000000000000000e+02,6.346944400000000286e+01,1.567392500000000055e+01,-1.395929999999999949e-01
2.300000000000000000e+01,9.999999999999999547e-07,1.000000000000000000e+02,4.757757099999999895e+01,1.162545800000000007e+01,-1.415100000000000038e-02
2.300000000000000000e+01,3.161999999999999965e-06,1.000000000000000000e+02,3.529907000000000039e+01,8.506797000000000608e+00,7.591699999999999837e-02
2.300000000000000000e+01,1.000000000000000082e-05,1.000000000000000000e+02,2.588769399999999976e+01,6.128220999999999918e+00,1.387450000000000072e-01
2.300000000000000000e+01,3.162299999999999860e-05,1.000000000000000000e+02,1.874192100000000138e+01,4.334262999999999977e+00,1.814250000000000029e-01
2.300000000000000000e+01,1.000000000000000048e-04,1.000000000000000000e+02,1.337310399999999966e+01,2.998307000000000055e+00,2.106719999999999982e-01
2.300000000000000000e+01,3.162279999999999952e-04,1.000000000000000000e+02,9.388054999999999595e+00,2.017987000000000197e+00,2.338459999999999983e-01
2.300000000000000000e+01,1.000000000000000021e-03,1.000000000000000000e+02,6.472189000000000192e+00,1.310775999999999941e+00,2.605790000000000051e-01
2.300000000000000000e+01,3.162278000000000137e-03,1.000000000000000000e+02,4.375249000000000166e+00,8.103529999999999900e-01,3.050910000000000011e-01
2.300000000000000000e+01,1.000000000000000021e-02,1.000000000000000000e+02,2.898257999999999779e+00,4.636649999999999938e-01,3.874319999999999986e-01
2.300000000000000000e+01,3.162277899999999670e-02,1.000000000000000000e+02,1.876616999999999980e+00,2.299440000000000095e-01,5.212879999999999736e-01
2.300000000000000000e+01,1.000000010000000050e-01,1.000000000000000000e+02,1.133426000000000045e+00,8.337400000000000366e-02,6.307000000000000384e-01
2.300000000000000000e+01,3.162277640000000223e-01,1.000000000000000000e+02,3.995650000000000035e-01,1.189899999999999985e-02,3.534829999999999917e-01
2.300000000000000000e+01,1.000000000000000062e-09,3.162280000000000086e+02,3.755991329999999948e+02,8.794822399999999618e+01,-2.021602000000000121e+00
2.300000000000000000e+01,2.999999999999999980e-09,3.162280000000000086e+02,2.895849380000000224e+02,6.757520399999999938e+01,-1.431159000000000070e+00
2.300000000000000000e+01,1.000000000000000021e-08,3.162280000000000086e+02,2.207600040000000092e+02,5.121377999999999986e+01,-9.664850000000000385e-01
2.300000000000000000e+01,3.200000000000000199e-08,3.162280000000000086e+02,1.665058779999999956e+02,3.832160400000000067e+01,-6.091699999999999893e-01
2.300000000000000000e+01,9.999999999999999547e-08,3.162280000000000086e+02,1.243445009999999940e+02,2.834168199999999871e+01,-3.409739999999999993e-01
2.300000000000000000e+01,3.160000000000000238e-07,3.162280000000000086e+02,9.197131199999999751e+01,2.071590399999999832e+01,-1.442519999999999913e-01
2.300000000000000000e+01,9.999999999999999547e-07,3.162280000000000086e+02,6.733273199999999292e+01,1.494363599999999970e+01,-3.255000000000000081e-03
2.300000000000000000e+01,3.161999999999999965e-06,3.162280000000000086e+02,4.873526900000000239e+01,1.061802100000000060e+01,9.496799999999999686e-02
2.300000000000000000e+01,1.000000000000000082e-05,3.162280000000000086e+02,3.482566200000000123e+01,7.413585000000000313e+00,1.610250000000000015e-01
2.300000000000000000e+01,3.162299999999999860e-05,3.162280000000000086e+02,2.453144299999999944e+01,5.070462000000000025e+00,2.038820000000000077e-01
2.300000000000000000e+01,1.000000000000000048e-04,3.162280000000000086e+02,1.700234299999999976e+01,3.382638000000000034e+00,2.316910000000000081e-01
2.300000000000000000e+01,3.162279999999999952e-04,3.162280000000000086e+02,1.156992699999999985e+01,2.188019999999999854e+00,2.529600000000000182e-01
2.300000000000000000e+01,1.000000000000000021e-03,3.162280000000000086e+02,7.712233000000000338e+00,1.359841000000000077e+00,2.782769999999999966e-01
2.300000000000000000e+01,3.162278000000000137e-03,3.162280000000000086e+02,5.024541000000000146e+00,7.996619999999999839e-01,3.225239999999999774e-01
2.300000000000000000e+01,1.000000000000000021e-02,3.162280000000000086e+02,3.194250999999999951e+00,4.318199999999999816e-01,4.052790000000000004e-01
2.300000000000000000e+01,3.162277899999999670e-02,3.162280000000000086e+02,1.973775000000000057e+00,2.001330000000000053e-01,5.355149999999999633e-01
2.300000000000000000e+01,1.000000010000000050e-01,3.162280000000000086e+02,1.126419000000000059e+00,6.716999999999999360e-02,6.239339999999999886e-01
2.300000000000000000e+01,3.162277640000000223e-01,3.162280000000000086e+02,3.639530000000000265e-01,8.741000000000000505e-03,3.223309999999999786e-01
2.300000000000000000e+01,1.000000000000000062e-09,1.000000000000000000e+03,5.536971660000000384e+02,1.199965250000000054e+02,-2.622809999999999864e+00
2.300000000000000000e+01,2.999999999999999980e-09,1.000000000000000000e+03,4.209226859999999988e+02,9.072700700000000040e+01,-1.853189999999999893e+00
2.300000000000000000e+01,1.000000000000000021e-08,1.000000000000000000e+03,3.159176180000000045e+02,6.752801200000000392e+01,-1.253584000000000032e+00
2.300000000000000000e+01,3.200000000000000199e-08,1.000000000000000000e+03,2.342782689999999945e+02,4.953835300000000075e+01,-7.979319999999999746e-01
2.300000000000000000e+01,9.999999999999999547e-08,1.000000000000000000e+03,1.718427059999999926e+02,3.587291599999999647e+01,-4.604480000000000239e-01
2.300000000000000000e+01,3.160000000000000238e-07,1.000000000000000000e+03,1.247445079999999962e+02,2.564687999999999946e+01,-2.163259999999999905e-01
2.300000000000000000e+01,9.999999999999999547e-07,1.000000000000000000e+03,8.955891499999999894e+01,1.807530399999999915e+01,-4.376599999999999935e-02
2.300000000000000000e+01,3.161999999999999965e-06,1.000000000000000000e+03,6.351058499999999896e+01,1.253173600000000043e+01,7.476099999999999413e-02
2.300000000000000000e+01,1.000000000000000082e-05,1.000000000000000000e+03,4.442004599999999925e+01,8.524603000000000819e+00,1.533210000000000128e-01
2.300000000000000000e+01,3.162299999999999860e-05,1.000000000000000000e+03,3.058842699999999937e+01,5.670027000000000150e+00,2.034710000000000130e-01
2.300000000000000000e+01,1.000000000000000048e-04,1.000000000000000000e+03,2.069545300000000054e+01,3.670558999999999905e+00,2.353210000000000024e-01
2.300000000000000000e+01,3.162279999999999952e-04,1.000000000000000000e+03,1.372361599999999981e+01,2.297645000000000159e+00,2.588849999999999763e-01
2.300000000000000000e+01,1.000000000000000021e-03,1.000000000000000000e+03,8.894717999999999236e+00,1.377091000000000065e+00,2.859340000000000215e-01
2.300000000000000000e+01,3.162278000000000137e-03,1.000000000000000000e+03,5.618471000000000437e+00,7.773980000000000334e-01,3.321089999999999876e-01
2.300000000000000000e+01,1.000000000000000021e-02,1.000000000000000000e+03,3.449955000000000105e+00,4.005819999999999936e-01,4.165490000000000026e-01
2.300000000000000000e+01,3.162277899999999670e-02,1.000000000000000000e+03,2.048557999999999879e+00,1.758699999999999986e-01,5.439619999999999456e-01
2.300000000000000000e+01,1.000000010000000050e-01,1.000000000000000000e+03,1.113974999999999937e+00,5.557499999999999940e-02,6.145359999999999712e-01
2.300000000000000000e+01,3.162277640000000223e-01,1.000000000000000000e+03,3.343070000000000208e-01,6.734999999999999667e-03,2.962859999999999938e-01
2.300000000000000000e+01,1.000000000000000062e-09,3.162277999999999793e+03,7.684322919999999613e+02,1.544174010000000123e+02,-3.408926000000000123e+00
2.300000000000000000e+01,2.999999999999999980e-09,3.162277999999999793e+03,5.773785920000000260e+02,1.151687969999999979e+02,-2.409626999999999963e+00
2.300000000000000000e+01,1.000000000000000021e-08,3.162277999999999793e+03,4.277136689999999817e+02,8.440664200000000505e+01,-1.637064999999999992e+00
2.300000000000000000e+01,3.200000000000000199e-08,3.162277999999999793e+03,3.126724939999999719e+02,6.087666000000000111e+01,-1.055260000000000087e+00
2.300000000000000000e+01,9.999999999999999547e-08,3.162277999999999793e+03,2.258667810000000031e+02,4.329110800000000125e+01,-6.286439999999999806e-01
2.300000000000000000e+01,3.160000000000000238e-07,3.162277999999999793e+03,1.613654999999999973e+02,3.036723500000000087e+01,-3.231140000000000123e-01
2.300000000000000000e+01,9.999999999999999547e-07,3.162277999999999793e+03,1.139382690000000053e+02,2.097887400000000113e+01,-1.091420000000000029e-01
2.300000000000000000e+01,3.161999999999999965e-06,3.162277999999999793e+03,7.940430100000000380e+01,1.424167800000000028e+01,3.663299999999999890e-02
2.300000000000000000e+01,1.000000000000000082e-05,3.162277999999999793e+03,5.452967999999999904e+01,9.473779999999999646e+00,1.326100000000000056e-01
2.300000000000000000e+01,3.162299999999999860e-05,3.162277999999999793e+03,3.683131099999999947e+01,6.152847000000000399e+00,1.935560000000000058e-01
2.300000000000000000e+01,1.000000000000000048e-04,3.162277999999999793e+03,2.441195499999999896e+01,3.882150999999999907e+00,2.319589999999999985e-01
2.300000000000000000e+01,3.162279999999999952e-04,3.162277999999999793e+03,1.583443199999999962e+01,2.363163000000000125e+00,2.596140000000000114e-01
2.300000000000000000e+01,1.000000000000000021e-03,3.162277999999999793e+03,1.001923799999999964e+01,1.373423999999999978e+00,2.896250000000000213e-01
2.300000000000000000e+01,3.162278000000000137e-03,3.162277999999999793e+03,6.163001999999999647e+00,7.490470000000000184e-01,3.384489999999999998e-01
2.300000000000000000e+01,1.000000000000000021e-02,3.162277999999999793e+03,3.672775000000000123e+00,3.711019999999999874e-01,4.248040000000000149e-01
2.300000000000000000e+01,3.162277899999999670e-02,3.162277999999999793e+03,2.106987000000000165e+00,1.557719999999999938e-01,5.495189999999999797e-01
2.300000000000000000e+01,1.000000010000000050e-01,3.162277999999999793e+03,1.098829000000000056e+00,4.687500000000000000e-02,6.043739999999999668e-01
2.300000000000000000e+01,3.162277640000000223e-01,3.162277999999999793e+03,3.093540000000000179e-01,5.362999999999999712e-03,2.743510000000000115e-01
2.300000000000000000e+01,1.000000000000000062e-09,1.000000000000000000e+04,1.019400875000000042e+03,1.904768390000000124e+02,-4.297036000000000300e+00
2.300000000000000000e+01,2.999999999999999980e-09,1.000000000000000000e+04,7.583991089999999531e+02,1.403985419999999920e+02,-3.037170000000000147e+00
2.300000000000000000e+01,1.000000000000000021e-08,1.000000000000000000e+04,5.555513049999999566e+02,1.015266220000000033e+02,-2.068616000000000010e+00
2.300000000000000000e+01,3.200000000000000199e-08,1.000000000000000000e+04,4.011262019999999779e+02,7.214555300000000670e+01,-1.344146999999999981e+00
2.300000000000000000e+01,9.999999999999999547e-08,1.000000000000000000e+04,2.859387859999999932e+02,5.049740200000000101e+01,-8.171040000000000525e-01
2.300000000000000000e+01,3.160000000000000238e-07,1.000000000000000000e+04,2.014631880000000024e+02,3.483809899999999971e+01,-4.428579999999999739e-01
2.300000000000000000e+01,9.999999999999999547e-07,1.000000000000000000e+04,1.402044239999999888e+02,2.365127199999999874e+01,-1.828839999999999910e-01
2.300000000000000000e+01,3.161999999999999965e-06,1.000000000000000000e+04,9.623914200000000108e+01,1.576337000000000010e+01,-7.017999999999999933e-03
2.300000000000000000e+01,1.000000000000000082e-05,1.000000000000000000e+04,6.504621699999999862e+01,1.028372599999999970e+01,1.081320000000000059e-01
2.300000000000000000e+01,3.162299999999999860e-05,1.000000000000000000e+04,4.320089300000000065e+01,6.541527999999999565e+00,1.809620000000000117e-01
2.300000000000000000e+01,1.000000000000000048e-04,1.000000000000000000e+04,2.812489199999999911e+01,4.036216999999999722e+00,2.265989999999999949e-01
2.300000000000000000e+01,3.162279999999999952e-04,1.000000000000000000e+04,1.789454399999999978e+01,2.398073999999999817e+00,2.587659999999999960e-01
2.300000000000000000e+01,1.000000000000000021e-03,1.000000000000000000e+04,1.108773099999999978e+01,1.357043999999999917e+00,2.919579999999999953e-01
2.300000000000000000e+01,3.162278000000000137e-03,1.000000000000000000e+04,6.663750000000000284e+00,7.184120000000000505e-01,3.434440000000000270e-01
2.300000000000000000e+01,1.000000000000000021e-02,1.000000000000000000e+04,3.868453999999999837e+00,3.441190000000000082e-01,4.315050000000000274e-01
2.300000000000000000e+01,3.162277899999999670e-02,1.000000000000000000e+04,2.153112000000000137e+00,1.390299999999999869e-01,5.534160000000000190e-01
2.300000000000000000e+01,1.000000010000000050e-01,1.000000000000000000e+04,1.082411000000000012e+00,4.015900000000000025e-02,5.941520000000000135e-01
2.300000000000000000e+01,3.162277640000000223e-01,1.000000000000000000e+04,2.880840000000000067e-01,4.375999999999999682e-03,2.556559999999999944e-01
2.300000000000000000e+01,1.000000000000000062e-09,3.162277500000000146e+04,1.305985233000000107e+03,2.275911079999999913e+02,-5.246555999999999997e+00
2.300000000000000000e+01,2.999999999999999980e-09,3.162277500000000146e+04,9.633263080000000400e+02,1.660353430000000117e+02,-3.702087000000000128e+00
2.300000000000000000e+01,1.000000000000000021e-08,3.162277500000000146e+04,6.988022680000000264e+02,1.186573049999999938e+02,-2.521250000000000213e+00
2.300000000000000000e+01,3.200000000000000199e-08,3.162277500000000146e+04,4.990897110000000225e+02,8.322011700000000189e+01,-1.643866999999999967e+00
2.300000000000000000e+01,9.999999999999999547e-08,3.162277500000000146e+04,3.516156260000000202e+02,5.743653700000000129e+01,-1.010513999999999912e+00
2.300000000000000000e+01,3.160000000000000238e-07,3.162277500000000146e+04,2.447077510000000018e+02,3.904641699999999815e+01,-5.644510000000000360e-01
2.300000000000000000e+01,9.999999999999999547e-07,3.162277500000000146e+04,1.681292080000000055e+02,2.610219599999999929e+01,-2.570100000000000162e-01
2.300000000000000000e+01,3.161999999999999965e-06,3.162277500000000146e+04,1.138686079999999947e+02,1.711631300000000167e+01,-5.049800000000000122e-02
2.300000000000000000e+01,1.000000000000000082e-05,3.162277500000000146e+04,7.588353499999999485e+01,1.097574099999999930e+01,8.391500000000000348e-02
2.300000000000000000e+01,3.162299999999999860e-05,3.162277500000000146e+04,4.965235700000000207e+01,6.854778999999999733e+00,1.685190000000000021e-01
2.300000000000000000e+01,1.000000000000000048e-04,3.162277500000000146e+04,3.181541500000000156e+01,4.146967000000000070e+00,2.212189999999999990e-01
2.300000000000000000e+01,3.162279999999999952e-04,3.162277500000000146e+04,1.989974000000000132e+01,2.411789999999999878e+00,2.577209999999999779e-01
2.300000000000000000e+01,1.000000000000000021e-03,3.162277500000000146e+04,1.210291199999999989e+01,1.333183000000000007e+00,2.939089999999999758e-01
2.300000000000000000e+01,3.162278000000000137e-03,3.162277500000000146e+04,7.125585000000000058e+00,6.876020000000000465e-01,3.478109999999999813e-01
2.300000000000000000e+01,1.000000000000000021e-02,3.162277500000000146e+04,4.041408999999999807e+00,3.198039999999999772e-01,4.372519999999999740e-01
2.300000000000000000e+01,3.162277899999999670e-02,3.162277500000000146e+04,2.189729999999999954e+00,1.249979999999999980e-01,5.562230000000000230e-01
2.300000000000000000e+01,1.000000010000000050e-01,3.162277500000000146e+04,1.065495000000000081e+00,3.486199999999999716e-02,5.841450000000000253e-01
2.300000000000000000e+01,3.162277640000000223e-01,3.162277500000000146e+04,2.697309999999999985e-01,3.641000000000000139e-03,2.395279999999999909e-01
2.300000000000000000e+01,1.000000000000000062e-09,1.000000000000000000e+05,1.627391988999999967e+03,2.652883180000000038e+02,-6.221169999999999867e+00
2.300000000000000000e+01,2.999999999999999980e-09,1.000000000000000000e+05,1.191423399999999901e+03,1.917825640000000078e+02,-4.380059000000000147e+00
2.300000000000000000e+01,1.000000000000000021e-08,1.000000000000000000e+05,8.568212109999999484e+02,1.356279299999999921e+02,-2.978908999999999807e+00
2.300000000000000000e+01,3.200000000000000199e-08,1.000000000000000000e+05,6.060309399999999869e+02,9.401483600000000251e+01,-1.943767999999999940e+00
2.300000000000000000e+01,9.999999999999999547e-08,1.000000000000000000e+05,4.224868299999999977e+02,6.407643600000000106e+01,-1.201645999999999992e+00
2.300000000000000000e+01,3.160000000000000238e-07,1.000000000000000000e+05,2.908042639999999892e+02,4.299044299999999907e+01,-6.829629999999999868e-01
2.300000000000000000e+01,9.999999999999999547e-07,1.000000000000000000e+05,1.975149989999999889e+02,2.834468800000000144e+01,-3.281990000000000185e-01
2.300000000000000000e+01,3.161999999999999965e-06,1.000000000000000000e+05,1.321698250000000030e+02,1.831857700000000122e+01,-9.159000000000000474e-02
2.300000000000000000e+01,1.000000000000000082e-05,1.000000000000000000e+05,8.697194600000000264e+01,1.156733999999999973e+01,6.142700000000000243e-02
2.300000000000000000e+01,3.162299999999999860e-05,1.000000000000000000e+05,5.615110399999999657e+01,7.106847000000000136e+00,1.572000000000000064e-01
2.300000000000000000e+01,1.000000000000000048e-04,1.000000000000000000e+05,3.547014099999999814e+01,4.224529000000000423e+00,2.164699999999999958e-01
2.300000000000000000e+01,3.162279999999999952e-04,1.000000000000000000e+05,2.184802699999999831e+01,2.410556999999999839e+00,2.569259999999999877e-01
2.300000000000000000e+01,1.000000000000000021e-03,1.000000000000000000e+05,1.306777400000000000e+01,1.304993000000000070e+00,2.957980000000000054e-01
2.300000000000000000e+01,3.162278000000000137e-03,1.000000000000000000e+05,7.552698999999999607e+00,6.576520000000000143e-01,3.518160000000000176e-01
2.300000000000000000e+01,1.000000000000000021e-02,1.000000000000000000e+05,4.195111999999999952e+00,2.980129999999999724e-01,4.423159999999999870e-01
2.300000000000000000e+01,3.162277899999999670e-02,1.000000000000000000e+05,2.218847999999999931e+00,1.131420000000000065e-01,5.582430000000000447e-01
2.300000000000000000e+01,1.000000010000000050e-01,1.000000000000000000e+05,1.048521000000000036e+00,3.060600000000000126e-02,5.744609999999999994e-01
2.300000000000000000e+01,3.162277640000000223e-01,1.000000000000000000e+05,2.537229999999999763e-01,3.076999999999999874e-03,2.254589999999999927e-01
2.300000000000000000e+01,1.000000000000000062e-09,3.162277810000000172e+05,1.982690992000000051e+03,3.031936230000000023e+02,-7.227210999999999608e+00
2.300000000000000000e+01,2.999999999999999980e-09,3.162277810000000172e+05,1.441898030999999946e+03,2.174133769999999970e+02,-5.070153000000000354e+00
2.300000000000000000e+01,1.000000000000000021e-08,3.162277810000000172e+05,1.028956826000000092e+03,1.523150160000000142e+02,-3.437593000000000121e+00
2.300000000000000000e+01,3.200000000000000199e-08,3.162277810000000172e+05,7.214377299999999877e+02,1.044736369999999965e+02,-2.239587999999999912e+00
2.300000000000000000e+01,9.999999999999999547e-08,3.162277810000000172e+05,4.981714010000000030e+02,7.040120100000000036e+01,-1.387383999999999951e+00
2.300000000000000000e+01,3.160000000000000238e-07,3.162277810000000172e+05,3.394872080000000096e+02,4.667550800000000066e+01,-7.964809999999999945e-01
2.300000000000000000e+01,9.999999999999999547e-07,3.162277810000000172e+05,2.281888950000000023e+02,3.039316900000000032e+01,-3.953050000000000175e-01
2.300000000000000000e+01,3.161999999999999965e-06,3.162277810000000172e+05,1.510383919999999875e+02,1.938647900000000135e+01,-1.296370000000000022e-01
2.300000000000000000e+01,1.000000000000000082e-05,3.162277810000000172e+05,9.825420200000000648e+01,1.207295300000000005e+01,4.104800000000000115e-02
2.300000000000000000e+01,3.162299999999999860e-05,3.162277810000000172e+05,6.266999100000000311e+01,7.308723999999999776e+00,1.472249999999999948e-01
2.300000000000000000e+01,1.000000000000000048e-04,3.162277810000000172e+05,3.907948199999999872e+01,4.276259999999999728e+00,2.124870000000000092e-01
2.300000000000000000e+01,3.162279999999999952e-04,3.162277810000000172e+05,2.373881099999999833e+01,2.398614999999999942e+00,2.564739999999999798e-01
2.300000000000000000e+01,1.000000000000000021e-03,3.162277810000000172e+05,1.398533699999999946e+01,1.274410999999999961e+00,2.977099999999999747e-01
2.300000000000000000e+01,3.162278000000000137e-03,3.162277810000000172e+05,7.948705000000000354e+00,6.290369999999999573e-01,3.555570000000000119e-01
2.300000000000000000e+01,1.000000000000000021e-02,3.162277810000000172e+05,4.332338000000000022e+00,2.784889999999999866e-01,4.468369999999999842e-01
2.300000000000000000e+01,3.162277899999999670e-02,3.162277810000000172e+05,2.241957000000000200e+00,1.030329999999999996e-01,5.596619999999999928e-01
2.300000000000000000e+01,1.000000010000000050e-01,3.162277810000000172e+05,1.031741000000000019e+00,2.713000000000000134e-02,5.651399999999999757e-01
2.300000000000000000e+01,3.162277640000000223e-01,3.162277810000000172e+05,2.396240000000000037e-01,2.635000000000000189e-03,2.130670000000000064e-01
2.300000000000000000e+01,1.000000000000000062e-09,1.000000000000000000e+06,2.370882234000000153e+03,3.410276630000000182e+02,-8.222065999999999875e+00
2.300000000000000000e+01,2.999999999999999980e-09,1.000000000000000000e+06,1.713936022999999977e+03,2.427637620000000140e+02,-5.750929000000000180e+00
2.300000000000000000e+01,1.000000000000000021e-08,1.000000000000000000e+06,1.214566225999999915e+03,1.686342490000000112e+02,-3.888133999999999979e+00
2.300000000000000000e+01,3.200000000000000199e-08,1.000000000000000000e+06,8.448221009999999751e+02,1.145632310000000018e+02,-2.528055999999999859e+00
2.300000000000000000e+01,9.999999999999999547e-08,1.000000000000000000e+06,5.783172620000000279e+02,7.640679400000000498e+01,-1.566505000000000036e+00
2.300000000000000000e+01,3.160000000000000238e-07,1.000000000000000000e+06,3.905177310000000261e+02,5.011176700000000039e+01,-9.044149999999999689e-01
2.300000000000000000e+01,9.999999999999999547e-07,1.000000000000000000e+06,2.599993699999999990e+02,3.226269800000000032e+01,-4.581089999999999884e-01
2.300000000000000000e+01,3.161999999999999965e-06,1.000000000000000000e+06,1.703853400000000136e+02,2.033483000000000018e+01,-1.645899999999999863e-01
2.300000000000000000e+01,1.000000000000000082e-05,1.000000000000000000e+06,1.096831310000000030e+02,1.250471699999999942e+01,2.274400000000000033e-02
2.300000000000000000e+01,3.162299999999999860e-05,1.000000000000000000e+06,6.918773099999999943e+01,7.469139000000000195e+00,1.385409999999999975e-01
2.300000000000000000e+01,1.000000000000000048e-04,1.000000000000000000e+06,4.263671999999999684e+01,4.307688999999999879e+00,2.092279999999999973e-01
2.300000000000000000e+01,3.162279999999999952e-04,1.000000000000000000e+06,2.557247800000000026e+01,2.378953000000000095e+00,2.563469999999999915e-01
2.300000000000000000e+01,1.000000000000000021e-03,1.000000000000000000e+06,1.485857900000000065e+01,1.242666999999999966e+00,2.996539999999999759e-01
2.300000000000000000e+01,3.162278000000000137e-03,1.000000000000000000e+06,8.316753999999999536e+00,6.019489999999999563e-01,3.590780000000000083e-01
2.300000000000000000e+01,1.000000000000000021e-02,1.000000000000000000e+06,4.455357000000000234e+00,2.609620000000000273e-01,4.509070000000000022e-01
2.300000000000000000e+01,3.162277899999999670e-02,1.000000000000000000e+06,2.260193000000000119e+00,9.433700000000000419e-02,5.606060000000000487e-01
2.300000000000000000e+01,1.000000010000000050e-01,1.000000000000000000e+06,1.015306999999999960e+00,2.425100000000000172e-02,5.561930000000000485e-01
2.300000000000000000e+01,3.162277640000000223e-01,1.000000000000000000e+06,2.271029999999999993e-01,2.282999999999999873e-03,2.020569999999999866e-01
2.300000000000000000e+01,1.000000000000000062e-09,3.162277750000000000e+06,2.790929588999999851e+03,3.785685569999999984e+02,-9.211095000000000255e+00
2.300000000000000000e+01,2.999999999999999980e-09,3.162277750000000000e+06,2.006723091999999951e+03,2.677111400000000003e+02,-6.423958999999999975e+00
2.300000000000000000e+01,1.000000000000000021e-08,3.162277750000000000e+06,1.413026049999999941e+03,1.845289740000000052e+02,-4.330321999999999782e+00
2.300000000000000000e+01,3.200000000000000199e-08,3.162277750000000000e+06,9.757236229999999750e+02,1.242668010000000010e+02,-2.808536000000000143e+00
2.300000000000000000e+01,9.999999999999999547e-08,3.162277750000000000e+06,6.626004370000000563e+02,8.209739399999999421e+01,-1.738647999999999971e+00
2.300000000000000000e+01,3.160000000000000238e-07,3.162277750000000000e+06,4.436813010000000190e+02,5.331231100000000112e+01,-1.006745000000000001e+00
2.300000000000000000e+01,9.999999999999999547e-07,3.162277750000000000e+06,2.928135669999999777e+02,3.396831000000000245e+01,-5.167319999999999691e-01
2.300000000000000000e+01,3.161999999999999965e-06,3.162277750000000000e+06,1.901347049999999967e+02,2.117702200000000090e+01,-1.966279999999999972e-01
2.300000000000000000e+01,1.000000000000000082e-05,3.162277750000000000e+06,1.212197830000000067e+02,1.287294299999999936e+01,6.343999999999999813e-03
2.300000000000000000e+01,3.162299999999999860e-05,3.162277750000000000e+06,7.568764699999999834e+01,7.595142000000000060e+00,1.310159999999999936e-01
2.300000000000000000e+01,1.000000000000000048e-04,3.162277750000000000e+06,4.613729200000000219e+01,4.323070999999999664e+00,2.066010000000000069e-01
2.300000000000000000e+01,3.162279999999999952e-04,3.162277750000000000e+06,2.735007799999999989e+01,2.353739000000000026e+00,2.564949999999999730e-01
2.300000000000000000e+01,1.000000000000000021e-03,3.162277750000000000e+06,1.569037100000000073e+01,1.210563999999999973e+00,3.016150000000000220e-01
2.300000000000000000e+01,3.162278000000000137e-03,3.162277750000000000e+06,8.659601000000000326e+00,5.764399999999999524e-01,3.624020000000000019e-01
2.300000000000000000e+01,1.000000000000000021e-02,3.162277750000000000e+06,4.566042999999999630e+00,2.451830000000000120e-01,4.545910000000000228e-01
2.300000000000000000e+01,3.162277899999999670e-02,3.162277750000000000e+06,2.274437999999999960e+00,8.679699999999999915e-02,5.611680000000000001e-01
2.300000000000000000e+01,1.000000010000000050e-01,3.162277750000000000e+06,9.993039999999999701e-01,2.183500000000000024e-02,5.476149999999999629e-01
2.300000000000000000e+01,3.162277640000000223e-01,3.162277750000000000e+06,2.159010000000000096e-01,1.997000000000000077e-03,1.922040000000000137e-01
2.300000000000000000e+01,1.000000000000000062e-09,1.000000000000000000e+07,3.241799957000000177e+03,4.156603470000000016e+02,-1.021357899999999930e+01
2.300000000000000000e+01,2.999999999999999980e-09,1.000000000000000000e+07,2.319461319000000003e+03,2.921732079999999883e+02,-7.097635999999999612e+00
2.300000000000000000e+01,1.000000000000000021e-08,1.000000000000000000e+07,1.623737354000000096e+03,1.999654030000000091e+02,-4.766741999999999813e+00
2.300000000000000000e+01,3.200000000000000199e-08,1.000000000000000000e+07,1.113709309999999959e+03,1.335793500000000051e+02,-3.081332000000000182e+00
2.300000000000000000e+01,9.999999999999999547e-08,1.000000000000000000e+07,7.507229770000000144e+02,8.748241400000000567e+01,-1.903818999999999928e+00
2.300000000000000000e+01,3.160000000000000238e-07,1.000000000000000000e+07,4.987848579999999856e+02,5.629166299999999978e+01,-1.103660000000000085e+00
2.300000000000000000e+01,9.999999999999999547e-07,1.000000000000000000e+07,3.265145840000000135e+02,3.552446299999999724e+01,-5.714360000000000550e-01
2.300000000000000000e+01,3.161999999999999965e-06,1.000000000000000000e+07,2.102213260000000048e+02,2.192504200000000125e+01,-2.259980000000000044e-01
2.300000000000000000e+01,1.000000000000000082e-05,1.000000000000000000e+07,1.328318270000000041e+02,1.318641200000000069e+01,-8.347999999999999518e-03
2.300000000000000000e+01,3.162299999999999860e-05,1.000000000000000000e+07,8.215664300000000253e+01,7.692484000000000322e+00,1.245030000000000026e-01
2.300000000000000000e+01,1.000000000000000048e-04,1.000000000000000000e+07,4.957821599999999762e+01,4.325726000000000404e+00,2.045140000000000013e-01
2.300000000000000000e+01,3.162279999999999952e-04,1.000000000000000000e+07,2.907307700000000139e+01,2.324573000000000000e+00,2.568659999999999832e-01
2.300000000000000000e+01,1.000000000000000021e-03,1.000000000000000000e+07,1.648343200000000053e+01,1.178635000000000099e+00,3.035780000000000145e-01
2.300000000000000000e+01,3.162278000000000137e-03,1.000000000000000000e+07,8.979665000000000674e+00,5.524860000000000326e-01,3.655459999999999821e-01
2.300000000000000000e+01,1.000000000000000021e-02,1.000000000000000000e+07,4.665957999999999828e+00,2.309319999999999984e-01,4.579369999999999830e-01
2.300000000000000000e+01,3.162277899999999670e-02,1.000000000000000000e+07,2.285390000000000033e+00,8.020900000000000252e-02,5.614200000000000301e-01
2.300000000000000000e+01,1.000000010000000050e-01,1.000000000000000000e+07,9.837810000000000166e-01,1.978600000000000150e-02,5.393930000000000113e-01
2.300000000000000000e+01,3.162277640000000223e-01,1.000000000000000000e+07,2.058129999999999959e-01,1.760999999999999979e-03,1.833269999999999900e-01
2.300000000000000000e+01,1.000000000000000062e-09,3.162277800000000000e+07,3.722446547000000010e+03,4.521858149999999910e+02,-1.122638000000000069e+01
2.300000000000000000e+01,2.999999999999999980e-09,3.162277800000000000e+07,2.651363130000000183e+03,3.160926509999999894e+02,-7.770508999999999666e+00
2.300000000000000000e+01,1.000000000000000021e-08,3.162277800000000000e+07,1.846123561999999993e+03,2.149245559999999955e+02,-5.196917000000000009e+00
2.300000000000000000e+01,3.200000000000000199e-08,3.162277800000000000e+07,1.258371861000000081e+03,1.425035340000000019e+02,-3.346442999999999834e+00
2.300000000000000000e+01,9.999999999999999547e-08,3.162277800000000000e+07,8.424104230000000371e+02,9.257428500000000327e+01,-2.062202999999999786e+00
2.300000000000000000e+01,3.160000000000000238e-07,3.162277800000000000e+07,5.556541280000000143e+02,5.906469799999999992e+01,-1.195438999999999918e+00
2.300000000000000000e+01,9.999999999999999547e-07,3.162277800000000000e+07,3.609990999999999985e+02,3.694468799999999931e+01,-6.225030000000000285e-01
2.300000000000000000e+01,3.161999999999999965e-06,3.162277800000000000e+07,2.305890119999999968e+02,2.258952299999999980e+01,-2.529390000000000249e-01
2.300000000000000000e+01,1.000000000000000082e-05,3.162277800000000000e+07,1.444923029999999926e+02,1.345259599999999978e+01,-2.151700000000000140e-02
2.300000000000000000e+01,3.162299999999999860e-05,3.162277800000000000e+07,8.858444799999999475e+01,7.765880000000000116e+00,1.188720000000000054e-01
2.300000000000000000e+01,1.000000000000000048e-04,3.162277800000000000e+07,5.295770000000000266e+01,4.318270000000000053e+00,2.028820000000000068e-01
2.300000000000000000e+01,3.162279999999999952e-04,3.162277800000000000e+07,3.074320399999999864e+01,2.292650000000000077e+00,2.574150000000000049e-01
2.300000000000000000e+01,1.000000000000000021e-03,3.162277800000000000e+07,1.724031099999999839e+01,1.147229999999999972e+00,3.055300000000000238e-01
2.300000000000000000e+01,3.162278000000000137e-03,3.162277800000000000e+07,9.279070000000000817e+00,5.300240000000000506e-01,3.685229999999999895e-01
2.300000000000000000e+01,1.000000000000000021e-02,3.162277800000000000e+07,4.756420000000000314e+00,2.180169999999999886e-01,4.609889999999999821e-01
2.300000000000000000e+01,3.162277899999999670e-02,3.162277800000000000e+07,2.293604999999999894e+00,7.441499999999999504e-02,5.614170000000000549e-01
2.300000000000000000e+01,1.000000010000000050e-01,3.162277800000000000e+07,9.687580000000000080e-01,1.803099999999999842e-02,5.315119999999999845e-01
2.300000000000000000e+01,3.162277640000000223e-01,3.162277800000000000e+07,1.966759999999999897e-01,1.564999999999999985e-03,1.752829999999999944e-01
2.300000000000000000e+01,1.000000000000000062e-09,1.000000000000000000e+08,4.231800476000000344e+03,4.880669340000000034e+02,-1.216131500000000010e+01
2.300000000000000000e+01,2.999999999999999980e-09,1.000000000000000000e+08,3.001646055000000160e+03,3.394347109999999930e+02,-8.401457999999999871e+00
2.300000000000000000e+01,1.000000000000000021e-08,1.000000000000000000e+08,2.079627567999999883e+03,2.293991509999999892e+02,-5.606177999999999884e+00
2.300000000000000000e+01,3.200000000000000199e-08,1.000000000000000000e+08,1.409327900000000000e+03,1.510471980000000087e+02,-3.600992000000000193e+00
2.300000000000000000e+01,9.999999999999999547e-08,1.000000000000000000e+08,9.374100489999999581e+02,9.738702700000000334e+01,-2.213982000000000117e+00
2.300000000000000000e+01,3.160000000000000238e-07,1.000000000000000000e+08,6.141316309999999703e+02,6.164601799999999798e+01,-1.282370999999999928e+00
2.300000000000000000e+01,9.999999999999999547e-07,1.000000000000000000e+08,3.961756120000000010e+02,3.824142899999999656e+01,-6.702069999999999972e-01
2.300000000000000000e+01,3.161999999999999965e-06,1.000000000000000000e+08,2.511891720000000134e+02,2.317982900000000157e+01,-2.776830000000000132e-01
2.300000000000000000e+01,1.000000000000000082e-05,1.000000000000000000e+08,1.561786590000000103e+02,1.367785100000000043e+01,-3.334199999999999664e-02
2.300000000000000000e+01,3.162299999999999860e-05,1.000000000000000000e+08,9.496300800000000208e+01,7.819211000000000134e+00,1.140069999999999972e-01
2.300000000000000000e+01,1.000000000000000048e-04,1.000000000000000000e+08,5.627482299999999782e+01,4.302774999999999572e+00,2.016360000000000097e-01
2.300000000000000000e+01,3.162279999999999952e-04,1.000000000000000000e+08,3.236232600000000303e+01,2.258865999999999818e+00,2.581060000000000021e-01
2.300000000000000000e+01,1.000000000000000021e-03,1.000000000000000000e+08,1.796337899999999976e+01,1.116575000000000095e+00,3.074589999999999823e-01
2.300000000000000000e+01,3.162278000000000137e-03,1.000000000000000000e+08,9.559689999999999799e+00,5.089740000000000375e-01,3.713449999999999807e-01
2.300000000000000000e+01,1.000000000000000021e-02,1.000000000000000000e+08,4.838540000000000063e+00,2.062749999999999861e-01,4.637800000000000256e-01
2.300000000000000000e+01,3.162277899999999670e-02,1.000000000000000000e+08,2.299529000000000156e+00,6.928600000000000037e-02,5.612040000000000362e-01
2.300000000000000000e+01,1.000000010000000050e-01,1.000000000000000000e+08,9.542420000000000346e-01,1.651499999999999843e-02,5.239540000000000308e-01
2.300000000000000000e+01,3.162277640000000223e-01,1.000000000000000000e+08,1.883579999999999977e-01,1.399999999999999986e-03,1.679569999999999952e-01
2.300000000000000000e+01,1.000000000000000062e-09,3.162277760000000000e+08,4.768978837999999996e+03,5.232835059999999885e+02,-1.234085100000000068e+01
2.300000000000000000e+01,2.999999999999999980e-09,3.162277760000000000e+08,3.369621541999999863e+03,3.621923530000000255e+02,-8.677951999999999444e+00
2.300000000000000000e+01,1.000000000000000021e-08,3.162277760000000000e+08,2.323737144000000171e+03,2.433926940000000059e+02,-5.885144999999999627e+00
2.300000000000000000e+01,3.200000000000000199e-08,3.162277760000000000e+08,1.566217644000000064e+03,1.592211279999999931e+02,-3.824193000000000175e+00
2.300000000000000000e+01,9.999999999999999547e-08,3.162277760000000000e+08,1.035485439999999926e+03,1.019347889999999950e+02,-2.359526999999999930e+00
2.300000000000000000e+01,3.160000000000000238e-07,3.162277760000000000e+08,6.740722839999999678e+02,6.404924900000000321e+01,-1.364787999999999890e+00
2.300000000000000000e+01,9.999999999999999547e-07,3.162277760000000000e+08,4.319612629999999740e+02,3.942581400000000258e+01,-7.148339999999999694e-01
2.300000000000000000e+01,3.161999999999999965e-06,3.162277760000000000e+08,2.719786750000000097e+02,2.370408499999999918e+01,-3.004510000000000236e-01
2.300000000000000000e+01,1.000000000000000082e-05,3.162277760000000000e+08,1.678713559999999916e+02,1.386754900000000035e+01,-4.401399999999999757e-02
2.300000000000000000e+01,3.162299999999999860e-05,3.162277760000000000e+08,1.012858470000000040e+02,7.855663999999999980e+00,1.098449999999999982e-01
2.300000000000000000e+01,1.000000000000000048e-04,3.162277760000000000e+08,5.952925100000000214e+01,4.280892999999999837e+00,2.007150000000000045e-01
2.300000000000000000e+01,3.162279999999999952e-04,3.162277760000000000e+08,3.393239799999999917e+01,2.223902999999999963e+00,2.588980000000000170e-01
2.300000000000000000e+01,1.000000000000000021e-03,3.162277760000000000e+08,1.865487299999999848e+01,1.086818000000000062e+00,3.093569999999999931e-01
2.300000000000000000e+01,3.162278000000000137e-03,3.162277760000000000e+08,9.823223999999999734e+00,4.892480000000000162e-01,3.740129999999999844e-01
2.300000000000000000e+01,1.000000000000000021e-02,3.162277760000000000e+08,4.913291000000000075e+00,1.955679999999999918e-01,4.663419999999999788e-01
2.300000000000000000e+01,3.162277899999999670e-02,3.162277760000000000e+08,2.303539999999999921e+00,6.472200000000000175e-02,5.608149999999999524e-01
2.300000000000000000e+01,1.000000010000000050e-01,3.162277760000000000e+08,9.402289999999999814e-01,1.519399999999999917e-02,5.167009999999999659e-01
2.300000000000000000e+01,3.162277640000000223e-01,3.162277760000000000e+08,1.807469999999999910e-01,1.260000000000000052e-03,1.612490000000000034e-01
2.400000000000000000e+01,1.000000000000000062e-09,1.000000000000000000e+00,4.184853999999999630e+00,6.374490000000000434e-01,3.637300000000000255e-02
2.400000000000000000e+01,2.999999999999999980e-09,1.000000000000000000e+00,3.775023000000000017e+00,5.437819999999999876e-01,3.279800000000000076e-02
2.400000000000000000e+01,1.000000000000000021e-08,1.000000000000000000e+00,3.420859000000000094e+00,4.590569999999999928e-01,2.917600000000000054e-02
2.400000000000000000e+01,3.200000000000000199e-08,1.000000000000000000e+00,3.108195999999999959e+00,3.838619999999999810e-01,2.548399999999999971e-02
2.400000000000000000e+01,9.999999999999999547e-08,1.000000000000000000e+00,2.810013999999999790e+00,3.221359999999999779e-01,2.170400000000000107e-02
2.400000000000000000e+01,3.160000000000000238e-07,1.000000000000000000e+00,2.518318999999999974e+00,2.833820000000000228e-01,1.782500000000000057e-02
2.400000000000000000e+01,9.999999999999999547e-07,1.000000000000000000e+00,2.278235000000000010e+00,2.684489999999999932e-01,1.385899999999999979e-02
2.400000000000000000e+01,3.161999999999999965e-06,1.000000000000000000e+00,2.081126999999999949e+00,2.569319999999999937e-01,9.922000000000000264e-03
2.400000000000000000e+01,1.000000000000000082e-05,1.000000000000000000e+00,1.910120000000000040e+00,2.530109999999999859e-01,6.360000000000000202e-03
2.400000000000000000e+01,3.162299999999999860e-05,1.000000000000000000e+00,1.768014999999999892e+00,2.619239999999999902e-01,3.994000000000000154e-03
2.400000000000000000e+01,1.000000000000000048e-04,1.000000000000000000e+00,1.652803000000000022e+00,2.822540000000000049e-01,4.739000000000000157e-03
2.400000000000000000e+01,3.162279999999999952e-04,1.000000000000000000e+00,1.563458999999999932e+00,3.151510000000000145e-01,1.269400000000000042e-02
2.400000000000000000e+01,1.000000000000000021e-03,1.000000000000000000e+00,1.498594999999999899e+00,3.615959999999999730e-01,3.622700000000000226e-02
2.400000000000000000e+01,3.162278000000000137e-03,1.000000000000000000e+00,1.454742999999999897e+00,4.205309999999999881e-01,9.145300000000000651e-02
2.400000000000000000e+01,1.000000000000000021e-02,1.000000000000000000e+00,1.423923000000000050e+00,4.807159999999999767e-01,2.075710000000000055e-01
2.400000000000000000e+01,3.162277899999999670e-02,1.000000000000000000e+00,1.399809999999999999e+00,5.035920000000000396e-01,4.338640000000000274e-01
2.400000000000000000e+01,1.000000010000000050e-01,1.000000000000000000e+00,1.431810000000000027e+00,4.299379999999999868e-01,8.362349999999999506e-01
2.400000000000000000e+01,3.162277640000000223e-01,1.000000000000000000e+00,1.437780999999999976e+00,2.210529999999999995e-01,1.249697999999999976e+00
2.400000000000000000e+01,1.000000000000000062e-09,3.161999999999999922e+00,1.811708799999999897e+01,4.859486000000000416e+00,1.453659999999999952e-01
2.400000000000000000e+01,2.999999999999999980e-09,3.161999999999999922e+00,1.575613399999999942e+01,4.249035000000000117e+00,1.031279999999999974e-01
2.400000000000000000e+01,1.000000000000000021e-08,3.161999999999999922e+00,1.366269999999999918e+01,3.706332000000000182e+00,6.661699999999999566e-02
2.400000000000000000e+01,3.200000000000000199e-08,3.161999999999999922e+00,1.180722899999999953e+01,3.226248000000000005e+00,3.532699999999999729e-02
2.400000000000000000e+01,9.999999999999999547e-08,3.161999999999999922e+00,1.015903600000000040e+01,2.803951000000000082e+00,8.762000000000000691e-03
2.400000000000000000e+01,3.160000000000000238e-07,3.161999999999999922e+00,8.698548000000000613e+00,2.434155000000000069e+00,-1.356500000000000067e-02
2.400000000000000000e+01,9.999999999999999547e-07,3.161999999999999922e+00,7.428231000000000250e+00,2.107610999999999901e+00,-3.208199999999999941e-02
2.400000000000000000e+01,3.161999999999999965e-06,3.161999999999999922e+00,6.327134000000000036e+00,1.815037000000000011e+00,-4.703299999999999842e-02
2.400000000000000000e+01,1.000000000000000082e-05,3.161999999999999922e+00,5.365077000000000318e+00,1.556408000000000014e+00,-5.836100000000000315e-02
2.400000000000000000e+01,3.162299999999999860e-05,3.161999999999999922e+00,4.529130999999999574e+00,1.329026999999999958e+00,-6.541600000000000192e-02
2.400000000000000000e+01,1.000000000000000048e-04,3.161999999999999922e+00,3.805270999999999848e+00,1.129081999999999919e+00,-6.629200000000000370e-02
2.400000000000000000e+01,3.162279999999999952e-04,3.161999999999999922e+00,3.181890999999999803e+00,9.537569999999999659e-01,-5.654599999999999904e-02
2.400000000000000000e+01,1.000000000000000021e-03,3.161999999999999922e+00,2.650380000000000180e+00,8.001369999999999871e-01,-2.663199999999999942e-02
2.400000000000000000e+01,3.162278000000000137e-03,3.161999999999999922e+00,2.207218999999999820e+00,6.644750000000000378e-01,4.283000000000000002e-02
2.400000000000000000e+01,1.000000000000000021e-02,3.161999999999999922e+00,1.859385000000000066e+00,5.400380000000000180e-01,1.889460000000000028e-01
2.400000000000000000e+01,3.162277899999999670e-02,3.161999999999999922e+00,1.633283999999999958e+00,4.136190000000000144e-01,4.736949999999999772e-01
2.400000000000000000e+01,1.000000010000000050e-01,3.161999999999999922e+00,1.551595000000000057e+00,2.675719999999999765e-01,9.375529999999999697e-01
2.400000000000000000e+01,3.162277640000000223e-01,3.161999999999999922e+00,1.264207000000000081e+00,9.872200000000000419e-02,1.133364000000000038e+00
2.400000000000000000e+01,1.000000000000000062e-09,1.000000000000000000e+01,5.792600500000000352e+01,1.730748799999999932e+01,1.269829000000000097e+00
2.400000000000000000e+01,2.999999999999999980e-09,1.000000000000000000e+01,4.799981700000000018e+01,1.439731500000000075e+01,9.907989999999999853e-01
2.400000000000000000e+01,1.000000000000000021e-08,1.000000000000000000e+01,3.954421399999999664e+01,1.190180699999999980e+01,7.559510000000000396e-01
2.400000000000000000e+01,3.200000000000000199e-08,1.000000000000000000e+01,3.238667499999999677e+01,9.778123000000000786e+00,5.605290000000000550e-01
2.400000000000000000e+01,9.999999999999999547e-08,1.000000000000000000e+01,2.636244599999999849e+01,7.981340999999999575e+00,3.997970000000000135e-01
2.400000000000000000e+01,3.160000000000000238e-07,1.000000000000000000e+01,2.132441700000000040e+01,6.464254999999999640e+00,2.690719999999999779e-01
2.400000000000000000e+01,9.999999999999999547e-07,1.000000000000000000e+01,1.714489400000000074e+01,5.182966000000000406e+00,1.639450000000000074e-01
2.400000000000000000e+01,3.161999999999999965e-06,1.000000000000000000e+01,1.369168900000000022e+01,4.109736999999999973e+00,8.071200000000000596e-02
2.400000000000000000e+01,1.000000000000000082e-05,1.000000000000000000e+01,1.084731900000000060e+01,3.225960999999999856e+00,1.650199999999999931e-02
2.400000000000000000e+01,3.162299999999999860e-05,1.000000000000000000e+01,8.520350000000000534e+00,2.503592999999999957e+00,-3.044600000000000084e-02
2.400000000000000000e+01,1.000000000000000048e-04,1.000000000000000000e+01,6.630579000000000001e+00,1.916353999999999891e+00,-6.009899999999999964e-02
2.400000000000000000e+01,3.162279999999999952e-04,1.000000000000000000e+01,5.110961999999999783e+00,1.442863999999999924e+00,-6.921800000000000175e-02
2.400000000000000000e+01,1.000000000000000021e-03,1.000000000000000000e+01,3.907312000000000118e+00,1.064451000000000036e+00,-4.850700000000000151e-02
2.400000000000000000e+01,3.162278000000000137e-03,1.000000000000000000e+01,2.979315000000000158e+00,7.644419999999999549e-01,2.260399999999999909e-02
2.400000000000000000e+01,1.000000000000000021e-02,1.000000000000000000e+01,2.302866999999999997e+00,5.271949999999999692e-01,1.839570000000000094e-01
2.400000000000000000e+01,3.162277899999999670e-02,1.000000000000000000e+01,1.868757999999999919e+00,3.377550000000000274e-01,4.967150000000000176e-01
2.400000000000000000e+01,1.000000010000000050e-01,1.000000000000000000e+01,1.628654000000000046e+00,1.846540000000000126e-01,9.646930000000000227e-01
2.400000000000000000e+01,3.162277640000000223e-01,1.000000000000000000e+01,1.130220999999999920e+00,5.837900000000000034e-02,1.020194000000000045e+00
2.400000000000000000e+01,1.000000000000000062e-09,3.162300000000000111e+01,1.287464620000000082e+02,3.562183900000000136e+01,1.572935999999999890e+00
2.400000000000000000e+01,2.999999999999999980e-09,3.162300000000000111e+01,1.033540079999999932e+02,2.860686000000000107e+01,1.174474000000000018e+00
2.400000000000000000e+01,1.000000000000000021e-08,3.162300000000000111e+01,8.231896199999999908e+01,2.276602700000000112e+01,8.486230000000000162e-01
2.400000000000000000e+01,3.200000000000000199e-08,3.162300000000000111e+01,6.506324499999999489e+01,1.796012100000000089e+01,5.864409999999999901e-01
2.400000000000000000e+01,9.999999999999999547e-08,3.162300000000000111e+01,5.103732200000000319e+01,1.404623100000000058e+01,3.790379999999999860e-01
2.400000000000000000e+01,3.160000000000000238e-07,3.162300000000000111e+01,3.973166100000000256e+01,1.088027400000000000e+01,2.176780000000000104e-01
2.400000000000000000e+01,9.999999999999999547e-07,3.162300000000000111e+01,3.068547699999999878e+01,8.331303999999999377e+00,9.425300000000000344e-02
2.400000000000000000e+01,3.161999999999999965e-06,3.162300000000000111e+01,2.348991799999999941e+01,6.296390999999999849e+00,2.031999999999999952e-03
2.400000000000000000e+01,1.000000000000000082e-05,3.162300000000000111e+01,1.780238599999999849e+01,4.693279000000000423e+00,-6.425200000000000355e-02
2.400000000000000000e+01,3.162299999999999860e-05,3.162300000000000111e+01,1.334416599999999953e+01,3.443351999999999968e+00,-1.081730000000000053e-01
2.400000000000000000e+01,1.000000000000000048e-04,3.162300000000000111e+01,9.882255000000000678e+00,2.478502999999999901e+00,-1.309410000000000018e-01
2.400000000000000000e+01,3.162279999999999952e-04,3.162300000000000111e+01,7.225563000000000180e+00,1.743009999999999948e+00,-1.299180000000000057e-01
2.400000000000000000e+01,1.000000000000000021e-03,3.162300000000000111e+01,5.220006999999999842e+00,1.190487000000000073e+00,-9.560100000000000542e-02
2.400000000000000000e+01,3.162278000000000137e-03,3.162300000000000111e+01,3.745439000000000185e+00,7.823489999999999611e-01,-6.269000000000000267e-03
2.400000000000000000e+01,1.000000000000000021e-02,3.162300000000000111e+01,2.713531000000000137e+00,4.865630000000000233e-01,1.791989999999999972e-01
2.400000000000000000e+01,3.162277899999999670e-02,3.162300000000000111e+01,2.058624000000000009e+00,2.773709999999999787e-01,5.171550000000000313e-01
2.400000000000000000e+01,1.000000010000000050e-01,3.162300000000000111e+01,1.665653999999999968e+00,1.356529999999999958e-01,9.759419999999999762e-01
2.400000000000000000e+01,3.162277640000000223e-01,3.162300000000000111e+01,1.025225999999999971e+00,3.885199999999999765e-02,9.271129999999999649e-01
2.400000000000000000e+01,1.000000000000000062e-09,1.000000000000000000e+02,2.341340820000000065e+02,5.667783299999999969e+01,1.684517999999999960e+00
2.400000000000000000e+01,2.999999999999999980e-09,1.000000000000000000e+02,1.837124689999999987e+02,4.436240800000000206e+01,1.211502000000000079e+00
2.400000000000000000e+01,1.000000000000000021e-08,1.000000000000000000e+02,1.427621719999999925e+02,3.432834199999999925e+01,8.333810000000000384e-01
2.400000000000000000e+01,3.200000000000000199e-08,1.000000000000000000e+02,1.099190399999999954e+02,2.628049100000000138e+01,5.372590000000000421e-01
2.400000000000000000e+01,9.999999999999999547e-08,1.000000000000000000e+02,8.388950900000000388e+01,1.991890199999999922e+01,3.103400000000000047e-01
2.400000000000000000e+01,3.160000000000000238e-07,1.000000000000000000e+02,6.346960599999999886e+01,1.494626099999999980e+01,1.401630000000000098e-01
2.400000000000000000e+01,9.999999999999999547e-07,1.000000000000000000e+02,4.757793699999999859e+01,1.109240499999999940e+01,1.543899999999999960e-02
2.400000000000000000e+01,3.161999999999999965e-06,1.000000000000000000e+02,3.529989700000000141e+01,8.125330999999999193e+00,-7.301900000000000057e-02
2.400000000000000000e+01,1.000000000000000082e-05,1.000000000000000000e+02,2.588954299999999975e+01,5.856262000000000079e+00,-1.322889999999999899e-01
2.400000000000000000e+01,3.162299999999999860e-05,1.000000000000000000e+02,1.874601399999999884e+01,4.140710000000000335e+00,-1.671920000000000073e-01
2.400000000000000000e+01,1.000000000000000048e-04,1.000000000000000000e+02,1.338206100000000021e+01,2.861860000000000070e+00,-1.796550000000000091e-01
2.400000000000000000e+01,3.162279999999999952e-04,1.000000000000000000e+02,9.407391000000000503e+00,1.923647000000000107e+00,-1.671920000000000073e-01
2.400000000000000000e+01,1.000000000000000021e-03,1.000000000000000000e+02,6.513232999999999606e+00,1.248218000000000050e+00,-1.198199999999999960e-01
2.400000000000000000e+01,3.162278000000000137e-03,1.000000000000000000e+02,4.460473999999999606e+00,7.730390000000000317e-01,-1.478299999999999927e-02
2.400000000000000000e+01,1.000000000000000021e-02,1.000000000000000000e+02,3.069644999999999957e+00,4.484409999999999785e-01,1.894039999999999890e-01
2.400000000000000000e+01,3.162277899999999670e-02,1.000000000000000000e+02,2.202532000000000156e+00,2.361610000000000098e-01,5.427300000000000457e-01
2.400000000000000000e+01,1.000000010000000050e-01,1.000000000000000000e+02,1.675953999999999944e+00,1.069449999999999984e-01,9.826139999999999874e-01
2.400000000000000000e+01,3.162277640000000223e-01,1.000000000000000000e+02,9.395179999999999643e-01,2.823900000000000021e-02,8.519149999999999778e-01
2.400000000000000000e+01,1.000000000000000062e-09,3.162280000000000086e+02,3.756003900000000044e+02,7.997058800000000645e+01,2.017729000000000106e+00
2.400000000000000000e+01,2.999999999999999980e-09,3.162280000000000086e+02,2.895855220000000259e+02,6.135403699999999816e+01,1.429475000000000051e+00
2.400000000000000000e+01,1.000000000000000021e-08,3.162280000000000086e+02,2.207602170000000115e+02,4.643919900000000212e+01,9.659799999999999498e-01
2.400000000000000000e+01,3.200000000000000199e-08,3.162280000000000086e+02,1.665059489999999869e+02,3.471503200000000078e+01,6.091980000000000173e-01
2.400000000000000000e+01,9.999999999999999547e-08,3.162280000000000086e+02,1.243445820000000026e+02,2.566427300000000145e+01,3.412629999999999830e-01
2.400000000000000000e+01,3.160000000000000238e-07,3.162280000000000086e+02,9.197149799999999686e+01,1.877817200000000142e+01,1.449090000000000100e-01
2.400000000000000000e+01,9.999999999999999547e-07,3.162280000000000086e+02,6.733314900000000591e+01,1.359663199999999961e+01,4.728999999999999697e-03
2.400000000000000000e+01,3.161999999999999965e-06,3.162280000000000086e+02,4.873620300000000327e+01,9.718470999999999194e+00,-9.167699999999999461e-02
2.400000000000000000e+01,1.000000000000000082e-05,3.162280000000000086e+02,3.482773499999999700e+01,6.822562999999999711e+00,-1.537459999999999938e-01
2.400000000000000000e+01,3.162299999999999860e-05,3.162280000000000086e+02,2.453599600000000081e+01,4.686593000000000231e+00,-1.879530000000000090e-01
2.400000000000000000e+01,1.000000000000000048e-04,3.162280000000000086e+02,1.701222599999999829e+01,3.138252000000000042e+00,-1.972500000000000087e-01
2.400000000000000000e+01,3.162279999999999952e-04,3.162280000000000086e+02,1.159108100000000086e+01,2.036704999999999988e+00,-1.795660000000000034e-01
2.400000000000000000e+01,1.000000000000000021e-03,3.162280000000000086e+02,7.756726999999999705e+00,1.270318999999999976e+00,-1.247290000000000065e-01
2.400000000000000000e+01,3.162278000000000137e-03,3.162280000000000086e+02,5.115969999999999906e+00,7.517340000000000133e-01,-9.398999999999999369e-03
2.400000000000000000e+01,1.000000000000000021e-02,3.162280000000000086e+02,3.375735000000000152e+00,4.135329999999999839e-01,2.075239999999999863e-01
2.400000000000000000e+01,3.162277899999999670e-02,3.162280000000000086e+02,2.312495000000000189e+00,2.050240000000000118e-01,5.691279999999999673e-01
2.400000000000000000e+01,1.000000010000000050e-01,3.162280000000000086e+02,1.672099000000000002e+00,8.744999999999999996e-02,9.862100000000000311e-01
2.400000000000000000e+01,3.162277640000000223e-01,3.162280000000000086e+02,8.682010000000000005e-01,2.153199999999999906e-02,7.899279999999999635e-01
2.400000000000000000e+01,1.000000000000000062e-09,1.000000000000000000e+03,5.536970109999999750e+02,1.061548750000000041e+02,2.622933999999999877e+00
2.400000000000000000e+01,2.999999999999999980e-09,1.000000000000000000e+03,4.209226390000000038e+02,8.012384000000000128e+01,1.853331999999999979e+00
2.400000000000000000e+01,1.000000000000000021e-08,1.000000000000000000e+03,3.159176239999999893e+02,5.955119400000000240e+01,1.253711999999999938e+00
2.400000000000000000e+01,3.200000000000000199e-08,1.000000000000000000e+03,2.342783090000000072e+02,4.364329099999999784e+01,7.980920000000000236e-01
2.400000000000000000e+01,9.999999999999999547e-08,1.000000000000000000e+03,1.718427990000000136e+02,3.159828999999999866e+01,4.607760000000000189e-01
2.400000000000000000e+01,3.160000000000000238e-07,1.000000000000000000e+03,1.247447159999999968e+02,2.263099899999999920e+01,2.170650000000000079e-01
2.400000000000000000e+01,9.999999999999999547e-07,1.000000000000000000e+03,8.955938000000000443e+01,1.603813800000000001e+01,4.541800000000000004e-02
2.400000000000000000e+01,3.161999999999999965e-06,1.000000000000000000e+03,6.351162099999999811e+01,1.121603700000000003e+01,-7.109300000000000341e-02
2.400000000000000000e+01,1.000000000000000082e-05,1.000000000000000000e+03,4.442233099999999979e+01,7.692584000000000088e+00,-1.452569999999999972e-01
2.400000000000000000e+01,3.162299999999999860e-05,1.000000000000000000e+03,3.059341300000000174e+01,5.152396999999999672e+00,-1.859339999999999882e-01
2.400000000000000000e+01,1.000000000000000048e-04,1.000000000000000000e+03,2.070620399999999961e+01,3.356723999999999819e+00,-1.976539999999999964e-01
2.400000000000000000e+01,3.162279999999999952e-04,1.000000000000000000e+03,1.374646399999999957e+01,2.113739999999999952e+00,-1.792009999999999992e-01
2.400000000000000000e+01,1.000000000000000021e-03,1.000000000000000000e+03,8.942396000000000456e+00,1.274718999999999935e+00,-1.206170000000000020e-01
2.400000000000000000e+01,3.162278000000000137e-03,1.000000000000000000e+03,5.715532999999999753e+00,7.260250000000000314e-01,1.561000000000000104e-03
2.400000000000000000e+01,1.000000000000000021e-02,1.000000000000000000e+03,3.640344999999999942e+00,3.821780000000000177e-01,2.274750000000000105e-01
2.400000000000000000e+01,3.162277899999999670e-02,1.000000000000000000e+03,2.397892000000000134e+00,1.803389999999999993e-01,5.931720000000000326e-01
2.400000000000000000e+01,1.000000010000000050e-01,1.000000000000000000e+03,1.660551000000000110e+00,7.325900000000000467e-02,9.865840000000000165e-01
2.400000000000000000e+01,3.162277640000000223e-01,1.000000000000000000e+03,8.080180000000000140e-01,1.699600000000000069e-02,7.376040000000000374e-01
2.400000000000000000e+01,1.000000000000000062e-09,3.162277999999999793e+03,7.684234639999999672e+02,1.353609749999999963e+02,3.402890000000000192e+00
2.400000000000000000e+01,2.999999999999999980e-09,3.162277999999999793e+03,5.773745740000000524e+02,1.007744610000000023e+02,2.406979999999999897e+00
2.400000000000000000e+01,1.000000000000000021e-08,3.162277999999999793e+03,4.277122979999999757e+02,7.374981300000000317e+01,1.636249999999999982e+00
2.400000000000000000e+01,3.200000000000000199e-08,3.162277999999999793e+03,3.126722750000000133e+02,5.313990400000000136e+01,1.055266000000000037e+00
2.400000000000000000e+01,9.999999999999999547e-08,3.162277999999999793e+03,2.258668820000000039e+02,3.778710000000000235e+01,6.290099999999999580e-01
2.400000000000000000e+01,3.160000000000000238e-07,3.162277999999999793e+03,1.613657310000000109e+02,2.656158200000000136e+01,3.239319999999999977e-01
2.400000000000000000e+01,9.999999999999999547e-07,3.162277999999999793e+03,1.139387810000000059e+02,1.846324100000000001e+01,1.109679999999999972e-01
2.400000000000000000e+01,3.161999999999999965e-06,3.162277999999999793e+03,7.940543499999999710e+01,1.265505600000000008e+01,-3.259999999999999704e-02
2.400000000000000000e+01,1.000000000000000082e-05,3.162277999999999793e+03,5.453216799999999864e+01,8.496396999999999977e+00,-1.237919999999999993e-01
2.400000000000000000e+01,3.162299999999999860e-05,3.162277999999999793e+03,3.683670999999999651e+01,5.562157000000000018e+00,-1.744850000000000012e-01
2.400000000000000000e+01,1.000000000000000048e-04,3.162277999999999793e+03,2.442352999999999952e+01,3.535426000000000180e+00,-1.912349999999999883e-01
2.400000000000000000e+01,3.162279999999999952e-04,3.162277999999999793e+03,1.585887600000000042e+01,2.167228000000000154e+00,-1.740230000000000110e-01
2.400000000000000000e+01,1.000000000000000021e-03,3.162277999999999793e+03,1.006988199999999978e+01,1.268712000000000062e+00,-1.133979999999999988e-01
2.400000000000000000e+01,3.162278000000000137e-03,3.162277999999999793e+03,6.265230999999999995e+00,6.988729999999999665e-01,1.389699999999999963e-02
2.400000000000000000e+01,1.000000000000000021e-02,3.162277999999999793e+03,3.871128999999999820e+00,3.541810000000000236e-01,2.466859999999999886e-01
2.400000000000000000e+01,3.162277899999999670e-02,3.162277999999999793e+03,2.465287000000000006e+00,1.602619999999999878e-01,6.140870000000000495e-01
2.400000000000000000e+01,1.000000010000000050e-01,3.162277999999999793e+03,1.644829000000000097e+00,6.250500000000000500e-02,9.843499999999999472e-01
2.400000000000000000e+01,3.162277640000000223e-01,3.162277999999999793e+03,7.565509999999999735e-01,1.377600000000000005e-02,6.926670000000000327e-01
2.400000000000000000e+01,1.000000000000000062e-09,1.000000000000000000e+04,1.019404605999999944e+03,1.671503700000000094e+02,4.290855999999999781e+00
2.400000000000000000e+01,2.999999999999999980e-09,1.000000000000000000e+04,7.584008720000000494e+02,1.229824669999999998e+02,3.034459000000000017e+00
2.400000000000000000e+01,1.000000000000000021e-08,1.000000000000000000e+04,5.555519590000000107e+02,8.880504999999999427e+01,2.067781000000000091e+00
2.400000000000000000e+01,3.200000000000000199e-08,1.000000000000000000e+04,4.011263789999999858e+02,6.304835200000000128e+01,1.344160000000000021e+00
2.400000000000000000e+01,9.999999999999999547e-08,1.000000000000000000e+04,2.859388989999999922e+02,4.412982999999999834e+01,8.175050000000000372e-01
2.400000000000000000e+01,3.160000000000000238e-07,1.000000000000000000e+04,2.014634399999999914e+02,3.050958100000000073e+01,4.437579999999999858e-01
2.400000000000000000e+01,9.999999999999999547e-07,1.000000000000000000e+04,1.402049820000000011e+02,2.084055199999999886e+01,1.848779999999999868e-01
2.400000000000000000e+01,3.161999999999999965e-06,1.000000000000000000e+04,9.624036900000000117e+01,1.402392500000000020e+01,1.140099999999999968e-02
2.400000000000000000e+01,1.000000000000000082e-05,1.000000000000000000e+04,6.504889900000000580e+01,9.233962999999999255e+00,-9.858999999999999708e-02
2.400000000000000000e+01,3.162299999999999860e-05,1.000000000000000000e+04,4.320668799999999976e+01,5.921134000000000341e+00,-1.604200000000000070e-01
2.400000000000000000e+01,1.000000000000000048e-04,1.000000000000000000e+04,2.813725200000000015e+01,3.680906999999999929e+00,-1.829639999999999878e-01
2.400000000000000000e+01,3.162279999999999952e-04,1.000000000000000000e+04,1.792049899999999951e+01,2.202701999999999938e+00,-1.675989999999999980e-01
2.400000000000000000e+01,1.000000000000000021e-03,1.000000000000000000e+04,1.114115800000000078e+01,1.255803000000000003e+00,-1.055579999999999991e-01
2.400000000000000000e+01,3.162278000000000137e-03,1.000000000000000000e+04,6.770758999999999972e+00,6.716450000000000475e-01,2.601200000000000040e-02
2.400000000000000000e+01,1.000000000000000021e-02,1.000000000000000000e+04,4.074000999999999983e+00,3.292570000000000219e-01,2.644070000000000031e-01
2.400000000000000000e+01,3.162277899999999670e-02,1.000000000000000000e+04,2.519087999999999994e+00,1.436830000000000052e-01,6.320660000000000167e-01
2.400000000000000000e+01,1.000000010000000050e-01,1.000000000000000000e+04,1.626845000000000097e+00,5.413199999999999956e-02,9.802229999999999555e-01
2.400000000000000000e+01,3.162277640000000223e-01,1.000000000000000000e+04,7.119929999999999870e-01,1.140399999999999921e-02,6.535609999999999475e-01
2.400000000000000000e+01,1.000000000000000062e-09,3.162277500000000146e+04,1.305983465000000024e+03,2.008353970000000004e+02,5.245777999999999608e+00
2.400000000000000000e+01,2.999999999999999980e-09,3.162277500000000146e+04,9.633255040000000236e+02,1.462561570000000017e+02,3.701855999999999813e+00
2.400000000000000000e+01,1.000000000000000021e-08,3.162277500000000146e+04,6.988020020000000159e+02,1.043764989999999955e+02,2.521281000000000105e+00
2.400000000000000000e+01,3.200000000000000199e-08,3.162277500000000146e+04,4.990897029999999859e+02,7.314145299999999850e+01,1.644057000000000102e+00
2.400000000000000000e+01,9.999999999999999547e-08,3.162277500000000146e+04,3.516157460000000015e+02,5.048132400000000075e+01,1.010950999999999933e+00
2.400000000000000000e+01,3.160000000000000238e-07,3.162277500000000146e+04,2.447080229999999972e+02,3.438776500000000169e+01,5.654259999999999842e-01
2.400000000000000000e+01,9.999999999999999547e-07,3.162277500000000146e+04,1.681298079999999970e+02,2.312306699999999893e+01,2.591669999999999807e-01
2.400000000000000000e+01,3.161999999999999965e-06,3.162277500000000146e+04,1.138699270000000041e+02,1.530195699999999981e+01,5.522200000000000025e-02
2.400000000000000000e+01,1.000000000000000082e-05,3.162277500000000146e+04,7.588640399999999886e+01,9.899373999999999896e+00,-7.367300000000000237e-02
2.400000000000000000e+01,3.162299999999999860e-05,3.162277500000000146e+04,4.965853200000000101e+01,6.230334000000000039e+00,-1.465639999999999998e-01
2.400000000000000000e+01,1.000000000000000048e-04,3.162277500000000146e+04,3.182852600000000010e+01,3.796473999999999904e+00,-1.748039999999999872e-01
2.400000000000000000e+01,3.162279999999999952e-04,3.162277500000000146e+04,1.992712999999999823e+01,2.223301000000000194e+00,-1.612709999999999977e-01
2.400000000000000000e+01,1.000000000000000021e-03,3.162277500000000146e+04,1.215896200000000071e+01,1.237932999999999950e+00,-9.797400000000000553e-02
2.400000000000000000e+01,3.162278000000000137e-03,3.162277500000000146e+04,7.237040000000000362e+00,6.449449999999999905e-01,3.742000000000000187e-02
2.400000000000000000e+01,1.000000000000000021e-02,3.162277500000000146e+04,4.253504000000000396e+00,3.070289999999999964e-01,2.805699999999999861e-01
2.400000000000000000e+01,3.162277899999999670e-02,3.162277500000000146e+04,2.562345000000000095e+00,1.298120000000000107e-01,6.475370000000000292e-01
2.400000000000000000e+01,1.000000010000000050e-01,3.162277500000000146e+04,1.607683999999999891e+00,4.746600000000000125e-02,9.747789999999999511e-01
2.400000000000000000e+01,3.162277640000000223e-01,3.162277500000000146e+04,6.729910000000000059e-01,9.605000000000000690e-03,6.191609999999999614e-01
2.400000000000000000e+01,1.000000000000000062e-09,1.000000000000000000e+05,1.627397709000000077e+03,2.357457469999999944e+02,6.223652000000000406e+00
2.400000000000000000e+01,2.999999999999999980e-09,1.000000000000000000e+05,1.191426038999999946e+03,1.701308190000000025e+02,4.381376000000000381e+00
2.400000000000000000e+01,1.000000000000000021e-08,1.000000000000000000e+05,8.568221479999999701e+02,1.201538199999999961e+02,2.979513999999999996e+00
2.400000000000000000e+01,3.200000000000000199e-08,1.000000000000000000e+05,6.060311659999999847e+02,8.322054300000000637e+01,1.944098000000000104e+00
2.400000000000000000e+01,9.999999999999999547e-08,1.000000000000000000e+05,4.224869600000000105e+02,5.672061500000000223e+01,1.202121999999999913e+00
2.400000000000000000e+01,3.160000000000000238e-07,1.000000000000000000e+05,2.908045549999999935e+02,3.812754400000000032e+01,6.840159999999999574e-01
2.400000000000000000e+01,9.999999999999999547e-07,1.000000000000000000e+05,1.975156420000000139e+02,2.527662600000000026e+01,3.305130000000000012e-01
2.400000000000000000e+01,3.161999999999999965e-06,1.000000000000000000e+05,1.321712330000000009e+02,1.647604600000000019e+01,9.664599999999999580e-02
2.400000000000000000e+01,1.000000000000000082e-05,1.000000000000000000e+05,8.697499899999999684e+01,1.049039600000000050e+01,-5.050700000000000328e-02
2.400000000000000000e+01,3.162299999999999860e-05,1.000000000000000000e+05,5.615764599999999973e+01,6.491972999999999772e+00,-1.338830000000000020e-01
2.400000000000000000e+01,1.000000000000000048e-04,1.000000000000000000e+05,3.548397400000000346e+01,3.885323000000000082e+00,-1.673910000000000120e-01
2.400000000000000000e+01,3.162279999999999952e-04,1.000000000000000000e+05,2.187678899999999871e+01,2.231567000000000078e+00,-1.554500000000000048e-01
2.400000000000000000e+01,1.000000000000000021e-03,1.000000000000000000e+05,1.312630599999999959e+01,1.216469000000000023e+00,-9.088599999999999457e-02
2.400000000000000000e+01,3.162278000000000137e-03,1.000000000000000000e+05,7.668311000000000099e+00,6.190769999999999884e-01,4.804300000000000237e-02
2.400000000000000000e+01,1.000000000000000021e-02,1.000000000000000000e+05,4.413202000000000069e+00,2.871279999999999943e-01,2.953120000000000189e-01
2.400000000000000000e+01,3.162277899999999670e-02,1.000000000000000000e+05,2.597253999999999952e+00,1.180640000000000023e-01,6.609239999999999560e-01
2.400000000000000000e+01,1.000000010000000050e-01,1.000000000000000000e+05,1.587995000000000045e+00,4.206000000000000016e-02,9.684450000000000003e-01
2.400000000000000000e+01,3.162277640000000223e-01,1.000000000000000000e+05,6.385229999999999517e-01,8.205999999999999753e-03,5.886240000000000361e-01
2.400000000000000000e+01,1.000000000000000062e-09,3.162277810000000172e+05,1.982692555999999968e+03,2.713360460000000103e+02,7.213837999999999973e+00
2.400000000000000000e+01,2.999999999999999980e-09,3.162277810000000172e+05,1.441898768999999902e+03,1.942421620000000075e+02,5.064206999999999681e+00
2.400000000000000000e+01,1.000000000000000021e-08,3.162277810000000172e+05,1.028957108999999946e+03,1.359047469999999862e+02,3.435684999999999878e+00
2.400000000000000000e+01,3.200000000000000199e-08,3.162277810000000172e+05,7.214378410000000486e+02,9.314535200000000259e+01,2.239454999999999973e+00
2.400000000000000000e+01,9.999999999999999547e-08,3.162277810000000172e+05,4.981715429999999856e+02,6.276850100000000054e+01,1.387890999999999986e+00
2.400000000000000000e+01,3.160000000000000238e-07,3.162277810000000172e+05,3.394875170000000253e+02,4.168861100000000164e+01,7.976050000000000084e-01
2.400000000000000000e+01,9.999999999999999547e-07,3.162277810000000172e+05,2.281895790000000090e+02,2.728471700000000055e+01,3.977749999999999897e-01
2.400000000000000000e+01,3.161999999999999965e-06,3.162277810000000172e+05,1.510398849999999982e+02,1.754289299999999940e+01,1.350119999999999931e-01
2.400000000000000000e+01,1.000000000000000082e-05,3.162277810000000172e+05,9.825743099999999686e+01,1.100955800000000018e+01,-2.946899999999999867e-02
2.400000000000000000e+01,3.162299999999999860e-05,3.162277810000000172e+05,6.267688900000000274e+01,6.710131999999999763e+00,-1.225929999999999936e-01
2.400000000000000000e+01,1.000000000000000048e-04,3.162277810000000172e+05,3.909400899999999979e+01,3.951042000000000165e+00,-1.608489999999999920e-01
2.400000000000000000e+01,3.162279999999999952e-04,3.162277810000000172e+05,2.376888500000000093e+01,2.229852000000000167e+00,-1.502040000000000042e-01
2.400000000000000000e+01,1.000000000000000021e-03,3.162277810000000172e+05,1.404622600000000077e+01,1.192517999999999967e+00,-8.431700000000000306e-02
2.400000000000000000e+01,3.162278000000000137e-03,3.162277810000000172e+05,8.068220000000000169e+00,5.942260000000000320e-01,5.793100000000000332e-02
2.400000000000000000e+01,1.000000000000000021e-02,3.162277810000000172e+05,4.555951000000000306e+00,2.692419999999999813e-01,3.088060000000000249e-01
2.400000000000000000e+01,3.162277899999999670e-02,3.162277810000000172e+05,2.625449000000000144e+00,1.080070000000000058e-01,6.725820000000000132e-01
2.400000000000000000e+01,1.000000010000000050e-01,3.162277810000000172e+05,1.568178000000000072e+00,3.760399999999999854e-02,9.615200000000000413e-01
2.400000000000000000e+01,3.162277640000000223e-01,3.162277810000000172e+05,6.078069999999999862e-01,7.097000000000000010e-03,5.613029999999999964e-01
2.400000000000000000e+01,1.000000000000000062e-09,1.000000000000000000e+06,2.370882158999999774e+03,3.072087430000000268e+02,8.217567000000000732e+00
2.400000000000000000e+01,2.999999999999999980e-09,1.000000000000000000e+06,1.713936071000000084e+03,2.183330249999999921e+02,5.749036000000000257e+00
2.400000000000000000e+01,1.000000000000000021e-08,1.000000000000000000e+06,1.214566305000000057e+03,1.514729959999999949e+02,3.887624000000000191e+00
2.400000000000000000e+01,3.200000000000000199e-08,1.000000000000000000e+06,8.448221909999999752e+02,1.028282559999999961e+02,2.528192999999999913e+00
2.400000000000000000e+01,9.999999999999999547e-08,1.000000000000000000e+06,5.783174109999999928e+02,6.858113500000000329e+01,1.567045999999999939e+00
2.400000000000000000e+01,3.160000000000000238e-07,1.000000000000000000e+06,3.905180589999999938e+02,4.505320300000000344e+01,9.056130000000000013e-01
2.400000000000000000e+01,9.999999999999999547e-07,1.000000000000000000e+06,2.600000939999999900e+02,2.914402400000000171e+01,4.607299999999999729e-01
2.400000000000000000e+01,3.161999999999999965e-06,1.000000000000000000e+06,1.703869170000000111e+02,1.850602599999999853e+01,1.702799999999999869e-01
2.400000000000000000e+01,1.000000000000000082e-05,1.000000000000000000e+06,1.096865339999999946e+02,1.146239899999999956e+01,-1.052600000000000063e-02
2.400000000000000000e+01,3.162299999999999860e-05,1.000000000000000000e+06,6.919497300000000450e+01,6.889871000000000301e+00,-1.126349999999999990e-01
2.400000000000000000e+01,1.000000000000000048e-04,1.000000000000000000e+06,4.265191800000000200e+01,3.997272999999999854e+00,-1.551240000000000119e-01
2.400000000000000000e+01,3.162279999999999952e-04,1.000000000000000000e+06,2.560381200000000135e+01,2.220276999999999834e+00,-1.454910000000000092e-01
2.400000000000000000e+01,1.000000000000000021e-03,1.000000000000000000e+06,1.492171300000000045e+01,1.166981000000000046e+00,-7.821999999999999786e-02
2.400000000000000000e+01,3.162278000000000137e-03,1.000000000000000000e+06,8.439946000000000836e+00,5.705059999999999576e-01,6.716099999999999848e-02
2.400000000000000000e+01,1.000000000000000021e-02,1.000000000000000000e+06,4.684079999999999799e+00,2.531100000000000017e-01,3.212180000000000035e-01
2.400000000000000000e+01,3.162277899999999670e-02,1.000000000000000000e+06,2.648178000000000143e+00,9.931600000000000150e-02,6.827969999999999873e-01
2.400000000000000000e+01,1.000000010000000050e-01,1.000000000000000000e+06,1.548483999999999972e+00,3.388000000000000039e-02,9.542150000000000354e-01
2.400000000000000000e+01,3.162277640000000223e-01,1.000000000000000000e+06,5.802329999999999988e-01,6.200999999999999915e-03,5.366900000000000004e-01
2.400000000000000000e+01,1.000000000000000062e-09,3.162277750000000000e+06,2.790930096000000049e+03,3.430673840000000041e+02,9.210874999999999702e+00
2.400000000000000000e+01,2.999999999999999980e-09,3.162277750000000000e+06,2.006723318999999947e+03,2.422221989999999892e+02,6.424081000000000152e+00
2.400000000000000000e+01,1.000000000000000021e-08,3.162277750000000000e+06,1.413026135999999951e+03,1.667568990000000042e+02,4.330549000000000426e+00
2.400000000000000000e+01,3.200000000000000199e-08,3.162277750000000000e+06,9.757236910000000307e+02,1.122188560000000024e+02,2.808841999999999839e+00
2.400000000000000000e+01,9.999999999999999547e-08,3.162277750000000000e+06,6.626005930000000035e+02,7.413853000000000293e+01,1.739224000000000103e+00
2.400000000000000000e+01,3.160000000000000238e-07,3.162277750000000000e+06,4.436816509999999880e+02,4.821783500000000089e+01,1.008013000000000048e+00
2.400000000000000000e+01,9.999999999999999547e-07,3.162277750000000000e+06,2.928143329999999764e+02,3.085895299999999963e+01,5.195020000000000193e-01
2.400000000000000000e+01,3.161999999999999965e-06,3.162277750000000000e+06,1.901363680000000045e+02,1.937250799999999984e+01,2.026260000000000006e-01
2.400000000000000000e+01,1.000000000000000082e-05,3.162277750000000000e+06,1.212233540000000005e+02,1.185566799999999965e+01,6.497000000000000171e-03
2.400000000000000000e+01,3.162299999999999860e-05,3.162277750000000000e+06,7.569522299999999859e+01,7.036363999999999841e+00,-1.038729999999999931e-01
2.400000000000000000e+01,1.000000000000000048e-04,3.162277750000000000e+06,4.615313799999999844e+01,4.027374000000000009e+00,-1.501180000000000014e-01
2.400000000000000000e+01,3.162279999999999952e-04,3.162277750000000000e+06,2.738262399999999985e+01,2.204648999999999859e+00,-1.412410000000000054e-01
2.400000000000000000e+01,1.000000000000000021e-03,3.162277750000000000e+06,1.575565100000000029e+01,1.140562000000000076e+00,-7.253700000000000425e-02
2.400000000000000000e+01,3.162278000000000137e-03,3.162277750000000000e+06,8.786269000000000773e+00,5.479749999999999899e-01,7.581100000000000338e-02
2.400000000000000000e+01,1.000000000000000021e-02,3.162277750000000000e+06,4.799513000000000140e+00,2.385110000000000008e-01,3.326859999999999817e-01
2.400000000000000000e+01,3.162277899999999670e-02,3.162277750000000000e+06,2.666412999999999922e+00,9.174400000000000610e-02,6.917969999999999953e-01
2.400000000000000000e+01,1.000000010000000050e-01,3.162277750000000000e+06,1.529074999999999962e+00,3.072899999999999937e-02,9.466820000000000235e-01
2.400000000000000000e+01,3.162277640000000223e-01,3.162277750000000000e+06,5.553200000000000358e-01,5.466999999999999638e-03,5.143839999999999524e-01
2.400000000000000000e+01,1.000000000000000062e-09,1.000000000000000000e+07,3.241806443999999829e+03,3.787065519999999879e+02,1.020691500000000040e+01
2.400000000000000000e+01,2.999999999999999980e-09,1.000000000000000000e+07,2.319464324999999917e+03,2.657891070000000013e+02,7.094787000000000177e+00
2.400000000000000000e+01,1.000000000000000021e-08,1.000000000000000000e+07,1.623738430000000108e+03,1.816937619999999924e+02,4.765931000000000139e+00
2.400000000000000000e+01,3.200000000000000199e-08,1.000000000000000000e+07,1.113709579999999960e+03,1.212909420000000011e+02,3.081452000000000080e+00
2.400000000000000000e+01,9.999999999999999547e-08,1.000000000000000000e+07,7.507231440000000475e+02,7.943509400000000653e+01,1.904428999999999927e+00
2.400000000000000000e+01,3.160000000000000238e-07,1.000000000000000000e+07,4.987852240000000279e+02,5.118695499999999754e+01,1.104997000000000007e+00
2.400000000000000000e+01,9.999999999999999547e-07,1.000000000000000000e+07,3.265153879999999731e+02,3.243767100000000170e+01,5.743509999999999449e-01
2.400000000000000000e+01,3.161999999999999965e-06,1.000000000000000000e+07,2.102230680000000120e+02,2.015069799999999844e+01,2.322940000000000005e-01
2.400000000000000000e+01,1.000000000000000082e-05,1.000000000000000000e+07,1.328355589999999893e+02,1.219619400000000020e+01,2.179499999999999840e-02
2.400000000000000000e+01,3.162299999999999860e-05,1.000000000000000000e+07,8.216454500000000394e+01,7.154398999999999731e+00,-9.615999999999999548e-02
2.400000000000000000e+01,1.000000000000000048e-04,1.000000000000000000e+07,4.959469099999999742e+01,4.044255999999999851e+00,-1.457309999999999994e-01
2.400000000000000000e+01,3.162279999999999952e-04,1.000000000000000000e+07,2.910679000000000016e+01,2.184442000000000217e+00,-1.373850000000000071e-01
2.400000000000000000e+01,1.000000000000000021e-03,1.000000000000000000e+07,1.655076499999999839e+01,1.113790999999999976e+00,-6.721299999999999497e-02
2.400000000000000000e+01,3.162278000000000137e-03,1.000000000000000000e+07,9.109626999999999697e+00,5.266459999999999475e-01,8.394799999999999485e-02
2.400000000000000000e+01,1.000000000000000021e-02,1.000000000000000000e+07,4.903855000000000075e+00,2.252609999999999890e-01,3.433260000000000201e-01
2.400000000000000000e+01,3.162277899999999670e-02,1.000000000000000000e+07,2.680921999999999805e+00,8.509799999999999309e-02,6.997649999999999704e-01
2.400000000000000000e+01,1.000000010000000050e-01,1.000000000000000000e+07,1.510049999999999892e+00,2.803599999999999842e-02,9.390269999999999451e-01
2.400000000000000000e+01,3.162277640000000223e-01,1.000000000000000000e+07,5.326809999999999601e-01,4.857000000000000206e-03,4.940579999999999972e-01
2.400000000000000000e+01,1.000000000000000062e-09,3.162277800000000000e+07,3.722434513000000152e+03,4.139748089999999934e+02,1.121329599999999971e+01
2.400000000000000000e+01,2.999999999999999980e-09,3.162277800000000000e+07,2.651357507000000169e+03,2.889501900000000205e+02,7.764673000000000158e+00
2.400000000000000000e+01,1.000000000000000021e-08,3.162277800000000000e+07,1.846121550999999954e+03,1.962449909999999988e+02,5.195041999999999938e+00
2.400000000000000000e+01,3.200000000000000199e-08,3.162277800000000000e+07,1.258371499999999969e+03,1.300329670000000135e+02,3.346354999999999968e+00
2.400000000000000000e+01,9.999999999999999547e-08,3.162277800000000000e+07,8.424105839999999716e+02,8.447338799999999992e+01,2.062840000000000007e+00
2.400000000000000000e+01,3.160000000000000238e-07,3.162277800000000000e+07,5.556545149999999467e+02,5.396896000000000271e+01,1.196844000000000019e+00
2.400000000000000000e+01,9.999999999999999547e-07,3.162277800000000000e+07,3.609999419999999759e+02,3.388977400000000273e+01,6.255640000000000089e-01
2.400000000000000000e+01,3.161999999999999965e-06,3.162277800000000000e+07,2.305908340000000010e+02,2.084904600000000130e+01,2.595299999999999829e-01
2.400000000000000000e+01,1.000000000000000082e-05,3.162277800000000000e+07,1.444961950000000002e+02,1.249033799999999950e+01,3.555900000000000033e-02
2.400000000000000000e+01,3.162299999999999860e-05,3.162277800000000000e+07,8.859266499999999667e+01,7.248191000000000273e+00,-8.936299999999999799e-02
2.400000000000000000e+01,1.000000000000000048e-04,3.162277800000000000e+07,5.297478399999999965e+01,4.050360000000000404e+00,-1.418729999999999991e-01
2.400000000000000000e+01,3.162279999999999952e-04,3.162277800000000000e+07,3.077804499999999877e+01,2.160826000000000136e+00,-1.338660000000000128e-01
2.400000000000000000e+01,1.000000000000000021e-03,3.162277800000000000e+07,1.730961399999999983e+01,1.087050999999999989e+00,-6.220200000000000035e-02
2.400000000000000000e+01,3.162278000000000137e-03,3.162277800000000000e+07,9.412162999999999613e+00,5.065009999999999790e-01,9.163100000000000411e-02
2.400000000000000000e+01,1.000000000000000021e-02,3.162277800000000000e+07,4.998458000000000290e+00,2.131969999999999976e-01,3.532359999999999944e-01
2.400000000000000000e+01,3.162277899999999670e-02,3.162277800000000000e+07,2.692320000000000046e+00,7.922600000000000475e-02,7.068489999999999496e-01
2.400000000000000000e+01,1.000000010000000050e-01,3.162277800000000000e+07,1.491471999999999909e+00,2.571299999999999975e-02,9.313259999999999872e-01
2.400000000000000000e+01,3.162277640000000223e-01,3.162277800000000000e+07,5.120040000000000147e-01,4.346000000000000037e-03,4.754470000000000085e-01
2.400000000000000000e+01,1.000000000000000062e-09,1.000000000000000000e+08,4.231808237999999619e+03,4.487688979999999788e+02,1.224448899999999973e+01
2.400000000000000000e+01,2.999999999999999980e-09,1.000000000000000000e+08,3.001649848999999904e+03,3.116514139999999884e+02,8.440025000000000333e+00
2.400000000000000000e+01,1.000000000000000021e-08,1.000000000000000000e+08,2.079629057999999986e+03,2.103890140000000031e+02,5.619881000000000348e+00
2.400000000000000000e+01,3.200000000000000199e-08,1.000000000000000000e+08,1.409328332000000046e+03,1.384425610000000120e+02,3.603936000000000028e+00
2.400000000000000000e+01,9.999999999999999547e-08,1.000000000000000000e+08,9.374102530000000115e+02,8.926045999999999481e+01,2.214663999999999966e+00
2.400000000000000000e+01,3.160000000000000238e-07,1.000000000000000000e+08,6.141320339999999760e+02,5.657398299999999836e+01,1.283844999999999903e+00
2.400000000000000000e+01,9.999999999999999547e-07,1.000000000000000000e+08,3.961764939999999910e+02,3.522507999999999839e+01,6.734059999999999491e-01
2.400000000000000000e+01,3.161999999999999965e-06,1.000000000000000000e+08,2.511910689999999988e+02,2.147551800000000100e+01,2.845630000000000104e-01
2.400000000000000000e+01,1.000000000000000082e-05,1.000000000000000000e+08,1.561827099999999859e+02,1.274378800000000034e+01,4.796199999999999769e-02
2.400000000000000000e+01,3.162299999999999860e-05,1.000000000000000000e+08,9.497153500000000292e+01,7.321352000000000082e+00,-8.336200000000000554e-02
2.400000000000000000e+01,1.000000000000000048e-04,1.000000000000000000e+08,5.629249899999999940e+01,4.047691999999999624e+00,-1.384680000000000077e-01
2.400000000000000000e+01,3.162279999999999952e-04,1.000000000000000000e+08,3.239825799999999845e+01,2.134720000000000173e+00,-1.306340000000000001e-01
2.400000000000000000e+01,1.000000000000000021e-03,1.000000000000000000e+08,1.803457399999999922e+01,1.060616999999999921e+00,-5.746500000000000219e-02
2.400000000000000000e+01,3.162278000000000137e-03,1.000000000000000000e+08,9.695766000000000773e+00,4.874990000000000157e-01,9.890799999999999592e-02
2.400000000000000000e+01,1.000000000000000021e-02,1.000000000000000000e+08,5.084463000000000399e+00,2.021830000000000016e-01,3.624979999999999869e-01
2.400000000000000000e+01,3.162277899999999670e-02,1.000000000000000000e+08,2.701102000000000114e+00,7.400900000000000534e-02,7.131690000000000529e-01
2.400000000000000000e+01,1.000000010000000050e-01,1.000000000000000000e+08,1.473376000000000019e+00,2.369200000000000125e-02,9.236349999999999838e-01
2.400000000000000000e+01,3.162277640000000223e-01,1.000000000000000000e+08,4.930329999999999990e-01,3.911999999999999679e-03,4.583329999999999904e-01
2.400000000000000000e+01,1.000000000000000062e-09,3.162277760000000000e+08,4.768256717000000208e+03,4.830346620000000257e+02,1.425054699999999919e+01
2.400000000000000000e+01,2.999999999999999980e-09,3.162277760000000000e+08,3.369285840999999891e+03,3.338645339999999919e+02,9.555184999999999818e+00
2.400000000000000000e+01,1.000000000000000021e-08,3.162277760000000000e+08,2.323617592999999943e+03,2.241163640000000044e+02,6.190239000000000047e+00
2.400000000000000000e+01,3.200000000000000199e-08,3.162277760000000000e+08,1.566193502000000080e+03,1.465224580000000003e+02,3.881993000000000027e+00
2.400000000000000000e+01,9.999999999999999547e-08,3.162277760000000000e+08,1.035485257999999931e+03,9.380526500000000567e+01,2.359963000000000033e+00
2.400000000000000000e+01,3.160000000000000238e-07,3.162277760000000000e+08,6.740725740000000314e+02,5.901241199999999765e+01,1.366273999999999988e+00
2.400000000000000000e+01,9.999999999999999547e-07,3.162277760000000000e+08,4.319621089999999981e+02,3.645287199999999928e+01,7.181170000000000053e-01
2.400000000000000000e+01,3.161999999999999965e-06,3.162277760000000000e+08,2.719806429999999864e+02,2.203729900000000086e+01,3.076599999999999890e-01
2.400000000000000000e+01,1.000000000000000082e-05,3.162277760000000000e+08,1.678756799999999885e+02,1.296149699999999960e+01,5.919100000000000056e-02
2.400000000000000000e+01,3.162299999999999860e-05,3.162277760000000000e+08,1.012946120000000008e+02,7.376929999999999765e+00,-7.804300000000000126e-02
2.400000000000000000e+01,1.000000000000000048e-04,3.162277760000000000e+08,5.954750899999999803e+01,4.037895999999999930e+00,-1.354480000000000128e-01
2.400000000000000000e+01,3.162279999999999952e-04,3.162277760000000000e+08,3.396937499999999943e+01,2.106845999999999997e+00,-1.276450000000000085e-01
2.400000000000000000e+01,1.000000000000000021e-03,3.162277760000000000e+08,1.872787900000000150e+01,1.034682000000000102e+00,-5.296599999999999919e-02
2.400000000000000000e+01,3.162278000000000137e-03,3.162277760000000000e+08,9.962144000000000332e+00,4.695900000000000074e-01,1.058199999999999974e-01
2.400000000000000000e+01,1.000000000000000021e-02,3.162277760000000000e+08,5.162872000000000128e+00,1.920989999999999920e-01,3.711809999999999832e-01
2.400000000000000000e+01,3.162277899999999670e-02,3.162277760000000000e+08,2.707686999999999955e+00,6.934800000000000686e-02,7.188280000000000225e-01
2.400000000000000000e+01,1.000000010000000050e-01,3.162277760000000000e+08,1.455778999999999934e+00,2.192099999999999951e-02,9.159939999999999749e-01
2.400000000000000000e+01,3.162277640000000223e-01,3.162277760000000000e+08,4.755499999999999727e-01,3.540999999999999877e-03,4.425270000000000037e-01
